<?xml version="1.0" encoding="utf-8"?>
<BindingInfo xmlns:xsi="http://www.w3.org/2001/XMLSchema-instance" xmlns:xsd="http://www.w3.org/2001/XMLSchema" Assembly="Microsoft.BizTalk.Deployment, Version=3.0.1.0, Culture=neutral, PublicKeyToken=31bf3856ad364e35" Version="3.5.1.0" BindingStatus="NoBindings" BoundEndpoints="0" TotalEndpoints="0">
  <Timestamp>2013-01-17T14:03:44.9382952-05:00</Timestamp>
  <ModuleRefCollection>
    <ModuleRef Name="[Application:Stryker.Fims]" Version="" Culture="" PublicKeyToken="" FullName="[Application:Stryker.Fims], Version=, Culture=, PublicKeyToken=">
      <Services />
      <TrackedSchemas>
        <Schema FullName="Stryker.Fims.FIMSInventoryMsg" RootName="FIMSInventoryMsg" AssemblyQualifiedName="Stryker.Fims.FIMSInventoryMsg,Stryker.Fims, Version=1.0.0.0, Culture=neutral, PublicKeyToken=2ec2413d8bfa672b" AlwaysTrackAllProperties="false" Description="">
          <TrackedPropertyNames />
        </Schema>
        <Schema FullName="Stryker.Fims.FIMSOrderStatusMsg" RootName="FIMSOrderStatusMsg" AssemblyQualifiedName="Stryker.Fims.FIMSOrderStatusMsg,Stryker.Fims, Version=1.0.0.0, Culture=neutral, PublicKeyToken=2ec2413d8bfa672b" AlwaysTrackAllProperties="false" Description="">
          <TrackedPropertyNames />
        </Schema>
        <Schema FullName="Stryker.Fims.FIMSLimitedReleaseMsg" RootName="FIMSLimitedReleaseMsg" AssemblyQualifiedName="Stryker.Fims.FIMSLimitedReleaseMsg,Stryker.Fims, Version=1.0.0.0, Culture=neutral, PublicKeyToken=2ec2413d8bfa672b" AlwaysTrackAllProperties="false" Description="">
          <TrackedPropertyNames />
        </Schema>
        <Schema FullName="Stryker.Fims.FIMSQualityNotificationMsg" RootName="FIMSQualityNotificationMsg" AssemblyQualifiedName="Stryker.Fims.FIMSQualityNotificationMsg,Stryker.Fims, Version=1.0.0.0, Culture=neutral, PublicKeyToken=2ec2413d8bfa672b" AlwaysTrackAllProperties="false" Description="">
          <TrackedPropertyNames />
        </Schema>
        <Schema FullName="Stryker.Fims.FIMSItemMsg" RootName="FIMSItemMsg" AssemblyQualifiedName="Stryker.Fims.FIMSItemMsg,Stryker.Fims, Version=1.0.0.0, Culture=neutral, PublicKeyToken=2ec2413d8bfa672b" AlwaysTrackAllProperties="false" Description="">
          <TrackedPropertyNames />
        </Schema>
        <Schema FullName="Stryker.Fims.FIMSOrderMsg" RootName="FIMSOrderMsg" AssemblyQualifiedName="Stryker.Fims.FIMSOrderMsg,Stryker.Fims, Version=1.0.0.0, Culture=neutral, PublicKeyToken=2ec2413d8bfa672b" AlwaysTrackAllProperties="false" Description="">
          <TrackedPropertyNames />
        </Schema>
        <Schema FullName="Stryker.Fims.FIMSOrderResponseMsg" RootName="FIMSOrderResponseMsg" AssemblyQualifiedName="Stryker.Fims.FIMSOrderResponseMsg,Stryker.Fims, Version=1.0.0.0, Culture=neutral, PublicKeyToken=2ec2413d8bfa672b" AlwaysTrackAllProperties="false" Description="">
          <TrackedPropertyNames />
        </Schema>
        <Schema FullName="Stryker.Fims.FIMSCustomerMsg" RootName="FIMSCustomerMsg" AssemblyQualifiedName="Stryker.Fims.FIMSCustomerMsg,Stryker.Fims, Version=1.0.0.0, Culture=neutral, PublicKeyToken=2ec2413d8bfa672b" AlwaysTrackAllProperties="false" Description="">
          <TrackedPropertyNames />
        </Schema>
      </TrackedSchemas>
    </ModuleRef>
    <ModuleRef Name="Stryker.Fims" Version="1.0.0.0" Culture="neutral" PublicKeyToken="2ec2413d8bfa672b" FullName="Stryker.Fims, Version=1.0.0.0, Culture=neutral, PublicKeyToken=2ec2413d8bfa672b">
      <Services />
      <TrackedSchemas />
    </ModuleRef>
  </ModuleRefCollection>
  <SendPortCollection>
    <SendPort Name="Stryker.Fims.Publish" IsStatic="true" IsTwoWay="false" BindingOption="0">
      <Description xsi:nil="true" />
      <TransmitPipeline Name="Microsoft.BizTalk.DefaultPipelines.PassThruTransmit" FullyQualifiedName="Microsoft.BizTalk.DefaultPipelines.PassThruTransmit, Microsoft.BizTalk.DefaultPipelines, Version=3.0.1.0, Culture=neutral, PublicKeyToken=31bf3856ad364e35" Type="2" TrackingOption="None" Description="" />
      <PrimaryTransport>
        <Address>FORMATNAME:DIRECT=OS:SJC-FIMS-PROD.STRYKERCORP.COM\PRIVATE$\FIMSINBOUND</Address>
        <TransportType Name="MSMQ" Capabilities="13579" ConfigurationClsid="ff5cee87-fd92-4422-b47d-f7d033311693" />
        <TransportTypeData>&lt;CustomProps&gt;&lt;AdapterConfig vt="8"&gt;&amp;lt;Config xmlns:xsi="http://www.w3.org/2001/XMLSchema-instance" xmlns:xsd="http://www.w3.org/2001/XMLSchema"&amp;gt;&amp;lt;queue&amp;gt;FORMATNAME:DIRECT=OS:SJC-FIMS-PROD.STRYKERCORP.COM\PRIVATE$\FIMSINBOUND&amp;lt;/queue&amp;gt;&amp;lt;uri&amp;gt;FORMATNAME:DIRECT=OS:SJC-FIMS-PROD.STRYKERCORP.COM\PRIVATE$\FIMSINBOUND&amp;lt;/uri&amp;gt;&amp;lt;maximumMessageSize&amp;gt;1024&amp;lt;/maximumMessageSize&amp;gt;&amp;lt;acknowledgeType&amp;gt;None&amp;lt;/acknowledgeType&amp;gt;&amp;lt;timeOut&amp;gt;4&amp;lt;/timeOut&amp;gt;&amp;lt;priority&amp;gt;Normal&amp;lt;/priority&amp;gt;&amp;lt;recoverable&amp;gt;false&amp;lt;/recoverable&amp;gt;&amp;lt;encryptionAlgorithm&amp;gt;None&amp;lt;/encryptionAlgorithm&amp;gt;&amp;lt;useAuthentication&amp;gt;true&amp;lt;/useAuthentication&amp;gt;&amp;lt;segmentationSupport&amp;gt;false&amp;lt;/segmentationSupport&amp;gt;&amp;lt;transactional&amp;gt;false&amp;lt;/transactional&amp;gt;&amp;lt;useJournalQueue&amp;gt;false&amp;lt;/useJournalQueue&amp;gt;&amp;lt;useDeadLetterQueue&amp;gt;true&amp;lt;/useDeadLetterQueue&amp;gt;&amp;lt;ackTypeEnumsValue&amp;gt;0&amp;lt;/ackTypeEnumsValue&amp;gt;&amp;lt;timeOutUnits&amp;gt;Days&amp;lt;/timeOutUnits&amp;gt;&amp;lt;userName&amp;gt;STRYKERCORP\cbi_prod_bts_svc&amp;lt;/userName&amp;gt;&amp;lt;password&amp;gt;******&amp;lt;/password&amp;gt;&amp;lt;bodyType&amp;gt;8209&amp;lt;/bodyType&amp;gt;&amp;lt;/Config&amp;gt;&lt;/AdapterConfig&gt;&lt;/CustomProps&gt;</TransportTypeData>
        <RetryCount>3</RetryCount>
        <RetryInterval>5</RetryInterval>
        <ServiceWindowEnabled>false</ServiceWindowEnabled>
        <FromTime>2000-01-01T04:00:00</FromTime>
        <ToTime>2000-01-01T03:59:59</ToTime>
        <Primary>true</Primary>
        <OrderedDelivery>false</OrderedDelivery>
        <DeliveryNotification>1</DeliveryNotification>
        <SendHandler Name="BizTalkMsmqSendHost" HostTrusted="true">
          <TransportType Name="MSMQ" Capabilities="13579" ConfigurationClsid="ff5cee87-fd92-4422-b47d-f7d033311693" />
        </SendHandler>
      </PrimaryTransport>
      <SecondaryTransport>
        <Address />
        <RetryCount>3</RetryCount>
        <RetryInterval>5</RetryInterval>
        <ServiceWindowEnabled>false</ServiceWindowEnabled>
        <FromTime>2000-01-01T04:00:00</FromTime>
        <ToTime>2000-01-01T03:59:59</ToTime>
        <Primary>false</Primary>
        <OrderedDelivery>false</OrderedDelivery>
        <DeliveryNotification>1</DeliveryNotification>
        <SendHandler xsi:nil="true" />
      </SecondaryTransport>
      <ReceivePipelineData xsi:nil="true" />
      <Tracking>204</Tracking>
      <Filter>&lt;?xml version="1.0" encoding="utf-16"?&gt;
&lt;Filter xmlns:xsi="http://www.w3.org/2001/XMLSchema-instance" xmlns:xsd="http://www.w3.org/2001/XMLSchema"&gt;
  &lt;Group&gt;
    &lt;Statement Property="BTS.MessageType" Operator="0" Value="http://schemas.stryker.com/Inventory/V1#InventoryMsg" /&gt;
  &lt;/Group&gt;
  &lt;Group&gt;
    &lt;Statement Property="BTS.MessageType" Operator="0" Value="http://schemas.stryker.com/QualityNotification/V1#QualityNotificationMsg" /&gt;
  &lt;/Group&gt;
  &lt;Group&gt;
    &lt;Statement Property="BTS.MessageType" Operator="0" Value="http://www.stryker.com/v1/purchaseorder#PurchaseOrderAck" /&gt;
  &lt;/Group&gt;
  &lt;Group&gt;
    &lt;Statement Property="BTS.MessageType" Operator="0" Value="http://schemas.stryker.com/LimitedRelease/V1#LimitedReleaseMsg" /&gt;
  &lt;/Group&gt;
  &lt;Group&gt;
    &lt;Statement Property="BTS.MessageType" Operator="0" Value="http://schemas.stryker.com/Customer/V1#customers" /&gt;
  &lt;/Group&gt;
  &lt;Group&gt;
    &lt;Statement Property="BTS.MessageType" Operator="0" Value="http://schemas.stryker.com/Item/V1#Items" /&gt;
  &lt;/Group&gt;
&lt;/Filter&gt;</Filter>
      <Transforms>
        <Transform FullName="Stryker.Fims.TramsformCanonicalPOAck_toFimsOrderStatus" AssemblyQualifiedName="Stryker.Fims.TramsformCanonicalPOAck_toFimsOrderStatus,Stryker.Fims, Version=1.0.0.0, Culture=neutral, PublicKeyToken=2ec2413d8bfa672b" />
        <Transform FullName="Stryker.Fims.TransformCanonicalCustomerToFimsCustomer" AssemblyQualifiedName="Stryker.Fims.TransformCanonicalCustomerToFimsCustomer,Stryker.Fims, Version=1.0.0.0, Culture=neutral, PublicKeyToken=2ec2413d8bfa672b" />
        <Transform FullName="Stryker.Fims.TransformCanonicalInventoryToFimsInventory" AssemblyQualifiedName="Stryker.Fims.TransformCanonicalInventoryToFimsInventory,Stryker.Fims, Version=1.0.0.0, Culture=neutral, PublicKeyToken=2ec2413d8bfa672b" />
        <Transform FullName="Stryker.Fims.TransformCanonicalItemToFimsItem" AssemblyQualifiedName="Stryker.Fims.TransformCanonicalItemToFimsItem,Stryker.Fims, Version=1.0.0.0, Culture=neutral, PublicKeyToken=2ec2413d8bfa672b" />
        <Transform FullName="Stryker.Fims.TransformQNCanonicalTOFimsQN" AssemblyQualifiedName="Stryker.Fims.TransformQNCanonicalTOFimsQN,Stryker.Fims, Version=1.0.0.0, Culture=neutral, PublicKeyToken=2ec2413d8bfa672b" />
        <Transform FullName="Stryker.Fims.TransfromCanonicalLimitedReleaseToFIMSLimitedRelease" AssemblyQualifiedName="Stryker.Fims.TransfromCanonicalLimitedReleaseToFIMSLimitedRelease,Stryker.Fims, Version=1.0.0.0, Culture=neutral, PublicKeyToken=2ec2413d8bfa672b" />
      </Transforms>
      <OrderedDelivery>false</OrderedDelivery>
      <Priority>5</Priority>
      <StopSendingOnFailure>false</StopSendingOnFailure>
      <RouteFailedMessage>false</RouteFailedMessage>
      <ApplicationName>Stryker.Fims</ApplicationName>
    </SendPort>
  </SendPortCollection>
  <DistributionListCollection />
  <ReceivePortCollection>
    <ReceivePort Name="Stryker.Fims.Subscribe" IsTwoWay="false" BindingOption="0">
      <Description xsi:nil="true" />
      <ReceiveLocations>
        <ReceiveLocation Name="Stryker.Fims.Subscribe">
          <Description xsi:nil="true" />
          <Address>FORMATNAME:DIRECT=OS:SJC-FIMS-PROD.STRYKERCORP.COM\PRIVATE$\FIMSOUTBOUND</Address>
          <PublicAddress />
          <Primary>true</Primary>
          <ReceiveLocationServiceWindowEnabled>false</ReceiveLocationServiceWindowEnabled>
          <ReceiveLocationFromTime>2000-01-01T04:00:00</ReceiveLocationFromTime>
          <ReceiveLocationToTime>2000-01-01T03:59:59</ReceiveLocationToTime>
          <ReceiveLocationStartDateEnabled>false</ReceiveLocationStartDateEnabled>
          <ReceiveLocationStartDate>2012-09-09T00:00:00</ReceiveLocationStartDate>
          <ReceiveLocationEndDateEnabled>false</ReceiveLocationEndDateEnabled>
          <ReceiveLocationEndDate>2012-09-10T23:59:59</ReceiveLocationEndDate>
          <ReceiveLocationTransportType Name="MSMQ" Capabilities="13579" ConfigurationClsid="ff5cee87-fd92-4422-b47d-f7d033311693" />
          <ReceiveLocationTransportTypeData>&lt;CustomProps&gt;&lt;AdapterConfig vt="8"&gt;&amp;lt;Config xmlns:xsi="http://www.w3.org/2001/XMLSchema-instance" xmlns:xsd="http://www.w3.org/2001/XMLSchema"&amp;gt;&amp;lt;queue&amp;gt;FORMATNAME:DIRECT=OS:SJC-FIMS-PROD.STRYKERCORP.COM\PRIVATE$\FIMSOUTBOUND&amp;lt;/queue&amp;gt;&amp;lt;uri&amp;gt;FORMATNAME:DIRECT=OS:SJC-FIMS-PROD.STRYKERCORP.COM\PRIVATE$\FIMSOUTBOUND&amp;lt;/uri&amp;gt;&amp;lt;batchSize&amp;gt;20&amp;lt;/batchSize&amp;gt;&amp;lt;transactional&amp;gt;false&amp;lt;/transactional&amp;gt;&amp;lt;serialProcessing&amp;gt;false&amp;lt;/serialProcessing&amp;gt;&amp;lt;onFailure&amp;gt;suspendResumable&amp;lt;/onFailure&amp;gt;&amp;lt;userName&amp;gt;STRYKERCORP\cbi_prod_bts_svc&amp;lt;/userName&amp;gt;&amp;lt;password&amp;gt;******&amp;lt;/password&amp;gt;&amp;lt;/Config&amp;gt;&lt;/AdapterConfig&gt;&lt;/CustomProps&gt;</ReceiveLocationTransportTypeData>
          <ReceivePipeline Name="Microsoft.BizTalk.DefaultPipelines.XMLReceive" FullyQualifiedName="Microsoft.BizTalk.DefaultPipelines.XMLReceive, Microsoft.BizTalk.DefaultPipelines, Version=3.0.1.0, Culture=neutral, PublicKeyToken=31bf3856ad364e35" Type="1" TrackingOption="ServiceStartEnd MessageSendReceive PipelineEvents" Description="" />
          <ReceivePipelineData xsi:nil="true" />
          <SendPipeline xsi:nil="true" />
          <SendPipelineData xsi:nil="true" />
          <Enable>true</Enable>
          <ReceiveHandler Name="BizTalkMsmqReceiveHost" HostTrusted="true">
            <TransportType Name="MSMQ" Capabilities="13579" ConfigurationClsid="ff5cee87-fd92-4422-b47d-f7d033311693" />
          </ReceiveHandler>
        </ReceiveLocation>
      </ReceiveLocations>
      <SendPipelineData xsi:nil="true" />
      <Authentication>0</Authentication>
      <Tracking>51</Tracking>
      <Transforms />
      <RouteFailedMessage>false</RouteFailedMessage>
      <ApplicationName>Stryker.Fims</ApplicationName>
    </ReceivePort>
  </ReceivePortCollection>
  <PartyCollection xsi:nil="true" />
</BindingInfo>