﻿<?xml version="1.0" encoding="utf-8"?>
<BindingInfo xmlns:xsi="http://www.w3.org/2001/XMLSchema-instance" xmlns:xsd="http://www.w3.org/2001/XMLSchema" Assembly="Microsoft.BizTalk.Deployment, Version=3.0.1.0, Culture=neutral, PublicKeyToken=31bf3856ad364e35" Version="3.5.1.0" BindingStatus="NoBindings" BoundEndpoints="0" TotalEndpoints="0">
  <Timestamp>2014-02-06T09:22:40.9810579-05:00</Timestamp>
  <ModuleRefCollection>
    <ModuleRef Name="[Application:Stryker.Fims]" Version="" Culture="" PublicKeyToken="" FullName="[Application:Stryker.Fims], Version=, Culture=, PublicKeyToken=">
      <Services />
      <TrackedSchemas>
        <Schema FullName="Stryker.Fims.FIMSOrderResponseMsg" RootName="FIMSOrderResponseMsg" AssemblyQualifiedName="Stryker.Fims.FIMSOrderResponseMsg,Stryker.Fims, Version=1.0.0.0, Culture=neutral, PublicKeyToken=2ec2413d8bfa672b" AlwaysTrackAllProperties="false" Description="">
          <TrackedPropertyNames />
        </Schema>
        <Schema FullName="Stryker.Fims.FIMSOrderMsg" RootName="FIMSOrderMsg" AssemblyQualifiedName="Stryker.Fims.FIMSOrderMsg,Stryker.Fims, Version=1.0.0.0, Culture=neutral, PublicKeyToken=2ec2413d8bfa672b" AlwaysTrackAllProperties="false" Description="">
          <TrackedPropertyNames />
        </Schema>
        <Schema FullName="Stryker.Fims.FIMSQualityNotificationMsg" RootName="FIMSQualityNotificationMsg" AssemblyQualifiedName="Stryker.Fims.FIMSQualityNotificationMsg,Stryker.Fims, Version=1.0.0.0, Culture=neutral, PublicKeyToken=2ec2413d8bfa672b" AlwaysTrackAllProperties="false" Description="">
          <TrackedPropertyNames />
        </Schema>
        <Schema FullName="Stryker.Fims.FIMSOrderStatusMsg" RootName="FIMSOrderStatusMsg" AssemblyQualifiedName="Stryker.Fims.FIMSOrderStatusMsg,Stryker.Fims, Version=1.0.0.0, Culture=neutral, PublicKeyToken=2ec2413d8bfa672b" AlwaysTrackAllProperties="false" Description="">
          <TrackedPropertyNames />
        </Schema>
        <Schema FullName="Stryker.Fims.FIMSInventoryMsg" RootName="FIMSInventoryMsg" AssemblyQualifiedName="Stryker.Fims.FIMSInventoryMsg,Stryker.Fims, Version=1.0.0.0, Culture=neutral, PublicKeyToken=2ec2413d8bfa672b" AlwaysTrackAllProperties="false" Description="">
          <TrackedPropertyNames />
        </Schema>
        <Schema FullName="Stryker.Fims.FIMSCustomerMsg" RootName="FIMSCustomerMsg" AssemblyQualifiedName="Stryker.Fims.FIMSCustomerMsg,Stryker.Fims, Version=1.0.0.0, Culture=neutral, PublicKeyToken=2ec2413d8bfa672b" AlwaysTrackAllProperties="false" Description="">
          <TrackedPropertyNames />
        </Schema>
        <Schema FullName="Stryker.Fims.FIMSLimitedReleaseMsg" RootName="FIMSLimitedReleaseMsg" AssemblyQualifiedName="Stryker.Fims.FIMSLimitedReleaseMsg,Stryker.Fims, Version=1.0.0.0, Culture=neutral, PublicKeyToken=2ec2413d8bfa672b" AlwaysTrackAllProperties="false" Description="">
          <TrackedPropertyNames />
        </Schema>
        <Schema FullName="Stryker.Fims.FIMSItemMsg" RootName="FIMSItemMsg" AssemblyQualifiedName="Stryker.Fims.FIMSItemMsg,Stryker.Fims, Version=1.0.0.0, Culture=neutral, PublicKeyToken=2ec2413d8bfa672b" AlwaysTrackAllProperties="false" Description="">
          <TrackedPropertyNames />
        </Schema>
        <Schema FullName="Stryker.Fims.ShipmentReturnOrders" RootName="ShipmentReturnOrderMsg" AssemblyQualifiedName="Stryker.Fims.ShipmentReturnOrders,Stryker.Fims, Version=1.0.0.0, Culture=neutral, PublicKeyToken=2ec2413d8bfa672b" AlwaysTrackAllProperties="false">
          <TrackedPropertyNames />
        </Schema>
      </TrackedSchemas>
    </ModuleRef>
    <ModuleRef Name="Stryker.Fims" Version="1.0.0.0" Culture="neutral" PublicKeyToken="2ec2413d8bfa672b" FullName="Stryker.Fims, Version=1.0.0.0, Culture=neutral, PublicKeyToken=2ec2413d8bfa672b">
      <Services />
      <TrackedSchemas />
    </ModuleRef>
    <ModuleRef Name="Stryker.Fims.Processes" Version="1.0.0.0" Culture="neutral" PublicKeyToken="2ec2413d8bfa672b" FullName="Stryker.Fims.Processes, Version=1.0.0.0, Culture=neutral, PublicKeyToken=2ec2413d8bfa672b">
      <Services>
        <Service Name="Stryker.Fims.Processes.ProcessCustomers" State="Started" TrackingOption="ServiceStartEnd MessageSendReceive InboundMessageBody OutboundMessageBody OrchestrationEvents" Description="">
          <Ports />
          <Roles />
          <Host Name="FimsProcessHost" NTGroupName="${NTGroupName}" Type="1" Trusted="true" />
        </Service>
      </Services>
      <TrackedSchemas />
    </ModuleRef>
  </ModuleRefCollection>
  <SendPortCollection>
    <SendPort Name="Stryker.Fims.Publish" IsStatic="true" IsTwoWay="false" BindingOption="0">
      <Description xsi:nil="true" />
      <TransmitPipeline Name="Microsoft.BizTalk.DefaultPipelines.PassThruTransmit" FullyQualifiedName="Microsoft.BizTalk.DefaultPipelines.PassThruTransmit, Microsoft.BizTalk.DefaultPipelines, Version=3.0.1.0, Culture=neutral, PublicKeyToken=31bf3856ad364e35" Type="2" TrackingOption="ServiceStartEnd MessageSendReceive" Description="" />
      <PrimaryTransport>
        <Address>${Stryker.Fims.Publish}</Address>
        <TransportType Name="MSMQ" Capabilities="13579" ConfigurationClsid="ff5cee87-fd92-4422-b47d-f7d033311693" />
        <TransportTypeData>
          <CustomProps>
            <AdapterConfig vt="8">${Stryker.Fims.Publish.AdapterConfig}</AdapterConfig>
          </CustomProps>
        </TransportTypeData>
        <RetryCount>3</RetryCount>
        <RetryInterval>5</RetryInterval>
        <ServiceWindowEnabled>false</ServiceWindowEnabled>
        <FromTime>2000-01-01T04:00:00</FromTime>
        <ToTime>2000-01-01T03:59:59</ToTime>
        <Primary>true</Primary>
        <OrderedDelivery>false</OrderedDelivery>
        <DeliveryNotification>1</DeliveryNotification>
        <SendHandler Name="BizTalkMsmqSendHost" HostTrusted="true">
          <TransportType Name="MSMQ" Capabilities="13579" ConfigurationClsid="ff5cee87-fd92-4422-b47d-f7d033311693" />
        </SendHandler>
      </PrimaryTransport>
      <SecondaryTransport>
        <Address />
        <RetryCount>3</RetryCount>
        <RetryInterval>5</RetryInterval>
        <ServiceWindowEnabled>false</ServiceWindowEnabled>
        <FromTime>2000-01-01T04:00:00</FromTime>
        <ToTime>2000-01-01T03:59:59</ToTime>
        <Primary>false</Primary>
        <OrderedDelivery>false</OrderedDelivery>
        <DeliveryNotification>1</DeliveryNotification>
        <SendHandler xsi:nil="true" />
      </SecondaryTransport>
      <ReceivePipelineData xsi:nil="true" />
      <Tracking>204</Tracking>
      <Filter>&lt;?xml version="1.0" encoding="utf-16"?&gt;
&lt;Filter xmlns:xsi="http://www.w3.org/2001/XMLSchema-instance" xmlns:xsd="http://www.w3.org/2001/XMLSchema"&gt;
  &lt;Group&gt;
    &lt;Statement Property="BTS.MessageType" Operator="0" Value="http://schemas.stryker.com/Inventory/V1#InventoryMsg" /&gt;
  &lt;/Group&gt;
  &lt;Group&gt;
    &lt;Statement Property="BTS.MessageType" Operator="0" Value="http://schemas.stryker.com/QualityNotification/V1#QualityNotificationMsg" /&gt;
  &lt;/Group&gt;
  &lt;Group&gt;
    &lt;Statement Property="BTS.MessageType" Operator="0" Value="http://www.stryker.com/v1/purchaseorder#PurchaseOrderAck" /&gt;
  &lt;/Group&gt;
  &lt;Group&gt;
    &lt;Statement Property="BTS.MessageType" Operator="0" Value="http://schemas.stryker.com/LimitedRelease/V1#LimitedReleaseMsg" /&gt;
  &lt;/Group&gt;
  &lt;Group&gt;
    &lt;Statement Property="BTS.MessageType" Operator="0" Value="http://schemas.stryker.com/fims/2012-03/fimscustomermsg#FIMSCustomerMsg" /&gt;
  &lt;/Group&gt;
  &lt;Group&gt;
    &lt;Statement Property="BTS.MessageType" Operator="0" Value="http://schemas.stryker.com/Item/V1#Items" /&gt;
  &lt;/Group&gt;
    &lt;Group&gt;
    &lt;Statement Property="BTS.MessageType" Operator="0" Value="http://schemas.stryker.com/ShipmentReturnOrders/V1#ShipmentReturnOrderMsg" /&gt;
  &lt;/Group&gt;
&lt;/Filter&gt;</Filter>
      <Transforms>
        <Transform FullName="Stryker.Fims.TramsformCanonicalPOAck_toFimsOrderStatus" AssemblyQualifiedName="Stryker.Fims.TramsformCanonicalPOAck_toFimsOrderStatus,Stryker.Fims, Version=1.0.0.0, Culture=neutral, PublicKeyToken=2ec2413d8bfa672b" />
        <Transform FullName="Stryker.Fims.TransformCanonicalInventoryToFimsInventory" AssemblyQualifiedName="Stryker.Fims.TransformCanonicalInventoryToFimsInventory,Stryker.Fims, Version=1.0.0.0, Culture=neutral, PublicKeyToken=2ec2413d8bfa672b" />
        <Transform FullName="Stryker.Fims.TransformCanonicalItemToFimsItem" AssemblyQualifiedName="Stryker.Fims.TransformCanonicalItemToFimsItem,Stryker.Fims, Version=1.0.0.0, Culture=neutral, PublicKeyToken=2ec2413d8bfa672b" />
        <Transform FullName="Stryker.Fims.TransformQNCanonicalTOFimsQN" AssemblyQualifiedName="Stryker.Fims.TransformQNCanonicalTOFimsQN,Stryker.Fims, Version=1.0.0.0, Culture=neutral, PublicKeyToken=2ec2413d8bfa672b" />
        <Transform FullName="Stryker.Fims.TransfromCanonicalLimitedReleaseToFIMSLimitedRelease" AssemblyQualifiedName="Stryker.Fims.TransfromCanonicalLimitedReleaseToFIMSLimitedRelease,Stryker.Fims, Version=1.0.0.0, Culture=neutral, PublicKeyToken=2ec2413d8bfa672b" />
        <Transform FullName="Stryker.Fims.TransformShipmentReturnOrdersToFimsOrderBatch" AssemblyQualifiedName="Stryker.Fims.TransformShipmentReturnOrdersToFimsOrderBatch,Stryker.Fims, Version=1.0.0.0, Culture=neutral, PublicKeyToken=2ec2413d8bfa672b" />
      </Transforms>
      <OrderedDelivery>false</OrderedDelivery>
      <Priority>5</Priority>
      <StopSendingOnFailure>false</StopSendingOnFailure>
      <RouteFailedMessage>false</RouteFailedMessage>
      <ApplicationName>Stryker.Fims</ApplicationName>
    </SendPort>
  </SendPortCollection>
  <DistributionListCollection />
  <ReceivePortCollection>
    <ReceivePort Name="Stryker.Fims.Subscribe" IsTwoWay="false" BindingOption="0">
      <Description xsi:nil="true" />
      <ReceiveLocations>
        <ReceiveLocation Name="Stryker.Fims.Subscribe">
          <Description xsi:nil="true" />
          <Address>${Stryker.Fims.Subscribe}</Address>
          <PublicAddress />
          <Primary>true</Primary>
          <ReceiveLocationServiceWindowEnabled>false</ReceiveLocationServiceWindowEnabled>
          <ReceiveLocationFromTime>2000-01-01T04:00:00</ReceiveLocationFromTime>
          <ReceiveLocationToTime>2000-01-01T03:59:59</ReceiveLocationToTime>
          <ReceiveLocationStartDateEnabled>false</ReceiveLocationStartDateEnabled>
          <ReceiveLocationStartDate>2012-09-09T00:00:00</ReceiveLocationStartDate>
          <ReceiveLocationEndDateEnabled>false</ReceiveLocationEndDateEnabled>
          <ReceiveLocationEndDate>2012-09-10T23:59:59</ReceiveLocationEndDate>
          <ReceiveLocationTransportType Name="MSMQ" Capabilities="13579" ConfigurationClsid="ff5cee87-fd92-4422-b47d-f7d033311693" />
          <ReceiveLocationTransportTypeData>
            <CustomProps>
              <AdapterConfig vt="8">${Stryker.Fims.Subscribe.AdapterConfig}</AdapterConfig>
            </CustomProps>
          </ReceiveLocationTransportTypeData>
          <ReceivePipeline Name="Microsoft.BizTalk.DefaultPipelines.XMLReceive" FullyQualifiedName="Microsoft.BizTalk.DefaultPipelines.XMLReceive, Microsoft.BizTalk.DefaultPipelines, Version=3.0.1.0, Culture=neutral, PublicKeyToken=31bf3856ad364e35" Type="1" TrackingOption="ServiceStartEnd MessageSendReceive PipelineEvents" Description="" />
          <ReceivePipelineData xsi:nil="true" />
          <SendPipeline xsi:nil="true" />
          <SendPipelineData xsi:nil="true" />
          <Enable>true</Enable>
          <ReceiveHandler Name="BizTalkMsmqReceiveHost" HostTrusted="true">
            <TransportType Name="MSMQ" Capabilities="13579" ConfigurationClsid="ff5cee87-fd92-4422-b47d-f7d033311693" />
          </ReceiveHandler>
        </ReceiveLocation>
      </ReceiveLocations>
      <SendPipelineData xsi:nil="true" />
      <Authentication>0</Authentication>
      <Tracking>51</Tracking>
      <Transforms />
      <RouteFailedMessage>false</RouteFailedMessage>
      <ApplicationName>Stryker.Fims</ApplicationName>
    </ReceivePort>
  </ReceivePortCollection>
  <PartyCollection xsi:nil="true" />
</BindingInfo>