<?xml version="1.0" encoding="utf-8"?>
<resources>
	<string name="hello">Hello World, Click Me!</string>
	<string name="app_name">Security</string>
	 <string name="txt_latitude">Latitude:</string>
    <string name="txt_longitude">Longitude:</string>
    <string name="txt_altitude">Time:</string>
    <string name="txt_speed">Speed:</string>
    <string name="txt_direction">Direction:</string>
    <string name="txt_satellites">Satellites:</string>
    <string name="txt_accuracy">Accuracy:</string>
    <string name="txt_travel_distance">Travelled:</string>

</resources>
