<?xml version="1.0"?>
<?mso-application progid="Excel.Sheet"?>
<Workbook xmlns="urn:schemas-microsoft-com:office:spreadsheet"
 xmlns:o="urn:schemas-microsoft-com:office:office"
 xmlns:x="urn:schemas-microsoft-com:office:excel"
 xmlns:ss="urn:schemas-microsoft-com:office:spreadsheet"
 xmlns:html="http://www.w3.org/TR/REC-html40">
 <DocumentProperties xmlns="urn:schemas-microsoft-com:office:office">
  <Title>Environment Settings</Title>
  <Author>Thomas F. Abraham</Author>
  <Description>Generates settings files for the XmlPreprocessor</Description>
  <LastAuthor>Kunjur, Jaidev (Contractor)</LastAuthor>
  <LastPrinted>2003-10-20T13:03:55Z</LastPrinted>
  <Created>2003-10-18T03:55:53Z</Created>
  <LastSaved>2014-05-24T15:40:55Z</LastSaved>
  <Version>12.00</Version>
 </DocumentProperties>
 <OfficeDocumentSettings xmlns="urn:schemas-microsoft-com:office:office">
  <RelyOnVML/>
 </OfficeDocumentSettings>
 <ExcelWorkbook xmlns="urn:schemas-microsoft-com:office:excel">
  <WindowHeight>8700</WindowHeight>
  <WindowWidth>12315</WindowWidth>
  <WindowTopX>360</WindowTopX>
  <WindowTopY>120</WindowTopY>
  <TabRatio>151</TabRatio>
  <ProtectStructure>False</ProtectStructure>
  <ProtectWindows>False</ProtectWindows>
 </ExcelWorkbook>
 <Styles>
  <Style ss:ID="Default" ss:Name="Normal">
   <Alignment ss:Vertical="Bottom"/>
   <Borders/>
   <Font ss:FontName="Arial"/>
   <Interior/>
   <NumberFormat/>
   <Protection/>
  </Style>
  <Style ss:ID="s62">
   <Protection ss:Protected="0"/>
  </Style>
  <Style ss:ID="s63">
   <Interior/>
   <Protection ss:Protected="0"/>
  </Style>
  <Style ss:ID="s64">
   <Alignment ss:Vertical="Bottom"/>
   <Borders/>
   <Font ss:FontName="Arial" x:Family="Swiss" ss:Size="14" ss:Bold="1"/>
   <Interior/>
   <NumberFormat/>
   <Protection ss:Protected="0"/>
  </Style>
  <Style ss:ID="s66">
   <Alignment ss:Vertical="Bottom"/>
   <Borders/>
   <Font ss:FontName="Arial" x:Family="Swiss" ss:Bold="1"/>
   <Interior ss:Color="#99CCFF" ss:Pattern="Solid"/>
   <NumberFormat/>
   <Protection/>
  </Style>
  <Style ss:ID="s67">
   <Alignment ss:Vertical="Bottom"/>
   <Borders/>
   <Font ss:FontName="Arial" x:Family="Swiss" ss:Bold="1"/>
   <Interior ss:Color="#99CCFF" ss:Pattern="Solid"/>
   <NumberFormat/>
   <Protection ss:Protected="0"/>
  </Style>
  <Style ss:ID="s68">
   <Alignment ss:Vertical="Bottom"/>
   <Borders/>
   <Font ss:FontName="Arial" x:Family="Swiss"/>
   <Interior ss:Color="#99CCFF" ss:Pattern="Solid"/>
   <NumberFormat/>
   <Protection/>
  </Style>
  <Style ss:ID="s69">
   <Alignment ss:Vertical="Bottom"/>
   <Borders/>
   <Font ss:FontName="Arial" x:Family="Swiss"/>
   <Interior ss:Color="#99CCFF" ss:Pattern="Solid"/>
   <NumberFormat/>
   <Protection ss:Protected="0"/>
  </Style>
  <Style ss:ID="s70">
   <Font ss:FontName="Arial" x:Family="Swiss"/>
   <Protection ss:Protected="0"/>
  </Style>
  <Style ss:ID="s71">
   <Alignment ss:Vertical="Bottom"/>
   <Borders/>
   <Interior ss:Color="#99CCFF" ss:Pattern="Solid"/>
   <NumberFormat/>
   <Protection/>
  </Style>
  <Style ss:ID="s72">
   <Alignment ss:Vertical="Bottom"/>
   <Borders/>
   <Interior ss:Color="#99CCFF" ss:Pattern="Solid"/>
   <NumberFormat/>
   <Protection ss:Protected="0"/>
  </Style>
  <Style ss:ID="s73">
   <Borders/>
   <Protection ss:Protected="0"/>
  </Style>
  <Style ss:ID="s74">
   <Alignment ss:Vertical="Top"/>
   <Borders>
    <Border ss:Position="Bottom" ss:LineStyle="Continuous"/>
    <Border ss:Position="Left" ss:LineStyle="Continuous"/>
    <Border ss:Position="Right" ss:LineStyle="Continuous"/>
    <Border ss:Position="Top" ss:LineStyle="Continuous"/>
   </Borders>
   <Interior ss:Color="#CCFFFF" ss:Pattern="Solid"/>
   <NumberFormat/>
   <Protection ss:Protected="0"/>
  </Style>
  <Style ss:ID="s75">
   <Alignment ss:Horizontal="Left" ss:Vertical="Top" ss:WrapText="1"/>
   <Borders/>
   <Font ss:FontName="Arial" x:Family="Swiss"/>
   <Interior/>
   <NumberFormat/>
   <Protection ss:Protected="0"/>
  </Style>
  <Style ss:ID="s76">
   <Alignment ss:Vertical="Bottom" ss:WrapText="1"/>
   <NumberFormat ss:Format="@"/>
   <Protection ss:Protected="0"/>
  </Style>
  <Style ss:ID="s77">
   <Alignment ss:Vertical="Bottom"/>
   <Borders/>
   <Interior/>
   <NumberFormat/>
   <Protection ss:Protected="0"/>
  </Style>
  <Style ss:ID="s78">
   <Alignment ss:Vertical="Bottom"/>
   <Borders/>
   <Font ss:FontName="Arial"/>
   <Interior/>
   <NumberFormat/>
   <Protection ss:Protected="0"/>
  </Style>
  <Style ss:ID="s79">
   <Alignment ss:Vertical="Bottom" ss:WrapText="1"/>
   <Borders>
    <Border ss:Position="Bottom" ss:LineStyle="Continuous"/>
    <Border ss:Position="Left" ss:LineStyle="Continuous"/>
    <Border ss:Position="Right" ss:LineStyle="Continuous"/>
    <Border ss:Position="Top" ss:LineStyle="Continuous"/>
   </Borders>
   <Interior ss:Color="#CCFFFF" ss:Pattern="Solid"/>
   <NumberFormat ss:Format="@"/>
   <Protection ss:Protected="0"/>
  </Style>
  <Style ss:ID="s80">
   <Alignment ss:Horizontal="Left" ss:Vertical="Bottom" ss:WrapText="1"/>
   <NumberFormat ss:Format="@"/>
   <Protection ss:Protected="0"/>
  </Style>
 </Styles>
 <Worksheet ss:Name="Settings">
  <Table ss:ExpandedColumnCount="8" ss:ExpandedRowCount="247" x:FullColumns="1"
   x:FullRows="1" ss:StyleID="s62" ss:DefaultRowHeight="13.3125">
   <Column ss:StyleID="s62" ss:AutoFitWidth="0" ss:Width="190.5"/>
   <Column ss:StyleID="s62" ss:Width="285"/>
   <Column ss:StyleID="s62" ss:AutoFitWidth="0" ss:Width="161.25"/>
   <Column ss:StyleID="s62" ss:AutoFitWidth="0" ss:Width="274.5"/>
   <Column ss:StyleID="s62" ss:AutoFitWidth="0" ss:Width="161.25"/>
   <Column ss:StyleID="s62" ss:AutoFitWidth="0" ss:Width="323.25"/>
   <Column ss:StyleID="s62" ss:AutoFitWidth="0" ss:Width="182.25"/>
   <Row ss:AutoFitHeight="0" ss:Height="18" ss:StyleID="s63">
    <Cell ss:StyleID="s64"><Data ss:Type="String">Environment Settings</Data></Cell>
    <Cell ss:StyleID="Default"/>
    <Cell ss:StyleID="Default"/>
    <Cell ss:StyleID="Default"/>
    <Cell ss:StyleID="Default"/>
    <Cell ss:StyleID="Default"/>
    <Cell ss:StyleID="Default"/>
   </Row>
   <Row ss:AutoFitHeight="0">
    <Cell ss:StyleID="s66"><Data ss:Type="String">Environment Name:</Data></Cell>
    <Cell ss:StyleID="s66"><Data ss:Type="String">Default Values</Data></Cell>
    <Cell ss:StyleID="s67"><Data ss:Type="String">Local</Data></Cell>
    <Cell ss:StyleID="s67"><Data ss:Type="String">Dev</Data></Cell>
    <Cell ss:StyleID="s67"><Data ss:Type="String">Test</Data></Cell>
    <Cell ss:StyleID="s67"><Data ss:Type="String">QA</Data></Cell>
    <Cell ss:StyleID="s67"><Data ss:Type="String">Prod</Data></Cell>
   </Row>
   <Row ss:AutoFitHeight="0">
    <Cell ss:StyleID="s66"><Data ss:Type="String">Generate File?</Data></Cell>
    <Cell ss:StyleID="s68"/>
    <Cell ss:StyleID="s69"><Data ss:Type="String">Yes</Data></Cell>
    <Cell ss:StyleID="s69"><Data ss:Type="String">Yes</Data></Cell>
    <Cell ss:StyleID="s69"><Data ss:Type="String">Yes</Data></Cell>
    <Cell ss:StyleID="s69"><Data ss:Type="String">Yes</Data></Cell>
    <Cell ss:StyleID="s69"><Data ss:Type="String">Yes</Data></Cell>
    <Cell ss:StyleID="s70"/>
   </Row>
   <Row ss:AutoFitHeight="0">
    <Cell ss:StyleID="s66"><Data ss:Type="String">Settings File Name:</Data></Cell>
    <Cell ss:StyleID="s71"/>
    <Cell ss:StyleID="s69"><Data ss:Type="String">Exported_LocalSettings.xml</Data></Cell>
    <Cell ss:StyleID="s69"><Data ss:Type="String">Exported_DevSettings.xml</Data></Cell>
    <Cell ss:StyleID="s72"><Data ss:Type="String">Exported_TestSettings.xml</Data></Cell>
    <Cell ss:StyleID="s72"><Data ss:Type="String">Exported_QASettings.xml</Data></Cell>
    <Cell ss:StyleID="s72"><Data ss:Type="String">Exported_ProdSettings.xml</Data></Cell>
    <Cell ss:StyleID="s73"/>
   </Row>
   <Row ss:AutoFitHeight="0">
    <Cell ss:StyleID="s66"/>
    <Cell ss:StyleID="s71"/>
    <Cell ss:StyleID="s69"/>
    <Cell ss:StyleID="s69"/>
    <Cell ss:StyleID="s72"/>
    <Cell ss:StyleID="s72"/>
    <Cell ss:StyleID="s72"/>
    <Cell ss:StyleID="s73"/>
   </Row>
   <Row ss:AutoFitHeight="0">
    <Cell ss:StyleID="s66"><Data ss:Type="String">Settings:</Data></Cell>
    <Cell ss:StyleID="s71"/>
    <Cell ss:StyleID="s69"/>
    <Cell ss:StyleID="s69"/>
    <Cell ss:StyleID="s72"/>
    <Cell ss:StyleID="s72"/>
    <Cell ss:StyleID="s72"/>
    <Cell ss:StyleID="s73"/>
   </Row>
   <Row ss:AutoFitHeight="0">
    <Cell ss:StyleID="s74"><Data ss:Type="String">SsoAppUserGroup</Data></Cell>
    <Cell ss:StyleID="s75"><Data ss:Type="String">STRYKERCORP\Stryker BI Dev BizTalk Application Users</Data></Cell>
    <Cell ss:StyleID="s75"><Data ss:Type="String">STRYKERCORP\Stryker BI Dev BizTalk Application Users</Data></Cell>
    <Cell ss:StyleID="s75"><Data ss:Type="String">STRYKERCORP\Stryker BI Dev BizTalk Application Users</Data></Cell>
    <Cell ss:StyleID="s75"/>
    <Cell ss:StyleID="s75"/>
    <Cell ss:StyleID="s75"/>
   </Row>
   <Row ss:AutoFitHeight="0">
    <Cell ss:StyleID="s74"><Data ss:Type="String">SsoAppAdminGroup</Data></Cell>
    <Cell ss:StyleID="s75"><Data ss:Type="String">STRYKERCORP\Stryker BI Dev BizTalk Server Administrators</Data></Cell>
    <Cell ss:StyleID="s75"><Data ss:Type="String">STRYKERCORP\Stryker BI Dev BizTalk Application Users</Data></Cell>
    <Cell ss:StyleID="s75"><Data ss:Type="String">STRYKERCORP\Stryker BI Dev BizTalk Server Administrators</Data></Cell>
    <Cell ss:StyleID="s75"/>
    <Cell ss:StyleID="s75"/>
    <Cell ss:StyleID="s75"/>
   </Row>
   <Row ss:AutoFitHeight="0">
    <Cell ss:StyleID="s74"><Data ss:Type="String">Stryker.Fims.Publish</Data></Cell>
    <Cell ss:StyleID="s75"><Data ss:Type="String">C:\Test\FIMS\ToFIMS\%MessageID%.xml</Data></Cell>
    <Cell ss:StyleID="s75"><Data ss:Type="String">C:\Test\FIMS\ToFIMS\%MessageID%.xml</Data></Cell>
    <Cell ss:StyleID="s76"><Data ss:Type="String">FORMATNAME:DIRECT=OS:SJC-FIMSDEV-02.STRYKERCORP.COM\PRIVATE$\FIMSINBOUND</Data></Cell>
    <Cell ss:StyleID="s76"><Data ss:Type="String">FORMATNAME:DIRECT=OS:SJC-FIMSDEV-01.STRYKERCORP.COM\PRIVATE$\FIMSINBOUND</Data></Cell>
    <Cell ss:StyleID="s75"><Data ss:Type="String">FORMATNAME:DIRECT=OS:SJC-FIMSQA-01.STRYKERCORP.COM\PRIVATE$\FIMSINBOUND</Data></Cell>
    <Cell ss:StyleID="s75"><Data ss:Type="String">FORMATNAME:DIRECT=OS:SJC-FIMS-PROD.STRYKERCORP.COM\PRIVATE$\FIMSINBOUND</Data></Cell>
   </Row>
   <Row ss:AutoFitHeight="0">
    <Cell ss:StyleID="s74"><Data ss:Type="String">Stryker.Fims.Publish.AdapterConfig</Data></Cell>
    <Cell ss:StyleID="s76"><Data ss:Type="String">FORMATNAME:DIRECT=OS:SJC-FIMSDEV-02.STRYKERCORP.COM\PRIVATE$\FIMSINBOUNDFORMATNAME:DIRECT=OS:SJC-FIMSDEV-02.STRYKERCORP.COM\PRIVATE$\FIMSINBOUND1024None4NormalfalseNonetruefalsefalsefalsetrue0DaysSTRYKERCORP\cbi_dev_bts_svc2wsxCDE#8209</Data></Cell>
    <Cell ss:StyleID="s76"><Data ss:Type="String">FORMATNAME:DIRECT=OS:SJC-FIMSDEV-02.STRYKERCORP.COM\PRIVATE$\FIMSINBOUNDFORMATNAME:DIRECT=OS:SJC-FIMSDEV-02.STRYKERCORP.COM\PRIVATE$\FIMSINBOUND1024None4NormalfalseNonetruefalsefalsefalsetrue0DaysSTRYKERCORP\cbi_dev_bts_svc2wsxCDE#8209</Data></Cell>
    <Cell ss:StyleID="s76"><Data ss:Type="String">FORMATNAME:DIRECT=OS:SJC-FIMSDEV-02.STRYKERCORP.COM\PRIVATE$\FIMSINBOUNDFORMATNAME:DIRECT=OS:SJC-FIMSDEV-02.STRYKERCORP.COM\PRIVATE$\FIMSINBOUND1024None4NormalfalseNonetruefalsefalsefalsetrue0DaysSTRYKERCORP\cbi_dev_bts_svc2wsxCDE#8209</Data></Cell>
    <Cell ss:StyleID="s76"><Data ss:Type="String">FORMATNAME:DIRECT=OS:SJC-FIMSDEV-01.STRYKERCORP.COM\PRIVATE$\FIMSINBOUNDFORMATNAME:DIRECT=OS:SJC-FIMSDEV-01.STRYKERCORP.COM\PRIVATE$\FIMSINBOUND20falsefalsesuspendResumableSTRYKERCORP\cbi_dev_bts_svc2wsxCDE#</Data></Cell>
    <Cell ss:StyleID="s77"><Data ss:Type="String">FORMATNAME:DIRECT=OS:SJC-FIMSQA-01.STRYKERCORP.COM\PRIVATE$\FIMSINBOUNDFORMATNAME:DIRECT=OS:SJC-FIMSQA-01.STRYKERCORP.COM\PRIVATE$\FIMSINBOUND1024None4NormalfalseNonetruefalsefalsefalsetrue0DaysSTRYKERCORP\cbi_qa_bts_svcswUKUfr7Sa5t8209</Data></Cell>
    <Cell ss:StyleID="s78"><Data ss:Type="String">FORMATNAME:DIRECT=OS:SJC-FIMS-PROD.STRYKERCORP.COM\PRIVATE$\FIMSINBOUNDFORMATNAME:DIRECT=OS:SJC-FIMS-PROD.STRYKERCORP.COM\PRIVATE$\FIMSINBOUND1024None4NormalfalseNonetruefalsefalsefalsetrue0DaysSTRYKERCORP\cbi_prod_bts_svcquwraWreKEThE78209</Data></Cell>
   </Row>
   <Row ss:AutoFitHeight="0" ss:Height="52.6875">
    <Cell ss:StyleID="s79"><Data ss:Type="String">Stryker.Fims.Subscribe</Data></Cell>
    <Cell ss:StyleID="s76"><Data ss:Type="String">C:\Test\FIMS\FromFIMS\*.xml</Data></Cell>
    <Cell ss:StyleID="s76"><Data ss:Type="String">C:\Test\FIMS\FromFIMS\*.xml</Data></Cell>
    <Cell ss:StyleID="s76"><Data ss:Type="String">FORMATNAME:DIRECT=OS:SJC-FIMSDEV-02.STRYKERCORP.COM\PRIVATE$\FIMSOUTBOUND</Data></Cell>
    <Cell ss:StyleID="s76"><Data ss:Type="String">FORMATNAME:DIRECT=OS:SJC-FIMSDEV-01.STRYKERCORP.COM\PRIVATE$\FIMSOUTBOUND</Data></Cell>
    <Cell ss:StyleID="s76"><Data ss:Type="String">FORMATNAME:DIRECT=OS:SJC-FIMSQA-01.STRYKERCORP.COM\PRIVATE$\FIMSOUTBOUND</Data></Cell>
    <Cell ss:StyleID="s76"><Data ss:Type="String">FORMATNAME:DIRECT=OS:SJC-FIMS-PROD.STRYKERCORP.COM\PRIVATE$\FIMSOUTBOUND</Data></Cell>
   </Row>
   <Row ss:AutoFitHeight="0" ss:Height="145.3125">
    <Cell ss:StyleID="s79"><Data ss:Type="String">Stryker.Fims.Subscribe.AdapterConfig</Data></Cell>
    <Cell ss:StyleID="s76"><Data ss:Type="String">FORMATNAME:DIRECT=OS:SJC-FIMSDEV-02.STRYKERCORP.COM\PRIVATE$\FIMSOUTBOUNDFORMATNAME:DIRECT=OS:SJC-FIMSDEV-02.STRYKERCORP.COM\PRIVATE$\FIMSOUTBOUND20falsefalsesuspendResumableSTRYKERCORP\cbi_dev_bts_svc2wsxCDE#8209</Data></Cell>
    <Cell ss:StyleID="s76"><Data ss:Type="String">FORMATNAME:DIRECT=OS:SJC-FIMSDEV-02.STRYKERCORP.COM\PRIVATE$\FIMSOUTBOUNDFORMATNAME:DIRECT=OS:SJC-FIMSDEV-02.STRYKERCORP.COM\PRIVATE$\FIMSOUTBOUND20falsefalsesuspendResumableSTRYKERCORP\cbi_dev_bts_svc2wsxCDE#8209</Data></Cell>
    <Cell ss:StyleID="s76"><Data ss:Type="String">FORMATNAME:DIRECT=OS:SJC-FIMSDEV-02.STRYKERCORP.COM\PRIVATE$\FIMSOUTBOUNDFORMATNAME:DIRECT=OS:SJC-FIMSDEV-02.STRYKERCORP.COM\PRIVATE$\FIMSOUTBOUND20falsefalsesuspendResumableSTRYKERCORP\cbi_dev_bts_svc2wsxCDE#8209</Data></Cell>
    <Cell ss:StyleID="s76"><Data ss:Type="String">FORMATNAME:DIRECT=OS:SJC-FIMSDEV-01.STRYKERCORP.COM\PRIVATE$\FIMSOUTBOUNDFORMATNAME:DIRECT=OS:SJC-FIMSDEV-01.STRYKERCORP.COM\PRIVATE$\FIMSOUTBOUND20falsefalsesuspendResumableSTRYKERCORP\cbi_dev_bts_svc2wsxCDE#</Data></Cell>
    <Cell ss:StyleID="s76"><Data ss:Type="String">FORMATNAME:DIRECT=OS:SJC-FIMSQA-01.STRYKERCORP.COM\PRIVATE$\FIMSOUTBOUNDFORMATNAME:DIRECT=OS:SJC-&#10;&#10;FIMSQA-01.STRYKERCORP.COM\PRIVATE$\FIMSOUTBOUND20falsefalsesuspendResumableSTRYKERCORP\cbi_qa_bts_svcswUKUfr7Sa5t</Data></Cell>
    <Cell ss:StyleID="s76"><Data ss:Type="String">FORMATNAME:DIRECT=OS:SJC-FIMS-PROD.STRYKERCORP.COM\PRIVATE$\FIMSOUTBOUNDFORMATNAME:DIRECT=OS:SJC-FIMS-PROD.STRYKERCORP.COM\PRIVATE$\FIMSOUTBOUND20falsefalsesuspendResumableSTRYKERCORP\cbi_prod_bts_svcquwraWreKEThE7</Data></Cell>
   </Row>
   <Row ss:AutoFitHeight="0">
    <Cell ss:StyleID="s79"><Data ss:Type="String">NTGroupName</Data></Cell>
    <Cell ss:StyleID="s76"><Data ss:Type="String">STRYKERCORP\Stryker BI Dev BizTalk Application Users</Data></Cell>
    <Cell ss:StyleID="s76"><Data ss:Type="String">STRYKERCORP\Stryker BI Dev BizTalk Application Users</Data></Cell>
    <Cell ss:StyleID="s76"><Data ss:Type="String">STRYKERCORP\Stryker BI Dev BizTalk Application Users</Data></Cell>
    <Cell ss:StyleID="s76"><Data ss:Type="String">STRYKERCORP\Stryker BI Dev BizTalk Application Users</Data></Cell>
    <Cell ss:StyleID="s76"><Data ss:Type="String">STRYKERCORP\Stryker BI QA BizTalk Application Users</Data></Cell>
    <Cell ss:StyleID="s76"><Data ss:Type="String">STRYKERCORP\Stryker BI Prod BizTalk Application Users</Data></Cell>
   </Row>
   <Row ss:AutoFitHeight="0">
    <Cell ss:StyleID="s79"/>
    <Cell ss:StyleID="s76"/>
    <Cell ss:StyleID="s76"/>
    <Cell ss:StyleID="s76"/>
    <Cell ss:StyleID="s76"/>
    <Cell ss:StyleID="s76"/>
    <Cell ss:StyleID="s76"/>
   </Row>
   <Row ss:AutoFitHeight="0">
    <Cell ss:StyleID="s79"/>
    <Cell ss:StyleID="s76"/>
    <Cell ss:StyleID="s76"/>
    <Cell ss:StyleID="s76"/>
    <Cell ss:StyleID="s76"/>
    <Cell ss:StyleID="s76"/>
    <Cell ss:StyleID="s76"/>
   </Row>
   <Row ss:AutoFitHeight="0">
    <Cell ss:StyleID="s79"/>
    <Cell ss:StyleID="s76"/>
    <Cell ss:StyleID="s76"/>
    <Cell ss:StyleID="s76"/>
    <Cell ss:StyleID="s76"/>
    <Cell ss:StyleID="s76"/>
    <Cell ss:StyleID="s76"/>
   </Row>
   <Row ss:AutoFitHeight="0">
    <Cell ss:StyleID="s79"/>
    <Cell ss:StyleID="s76"/>
    <Cell ss:StyleID="s76"/>
    <Cell ss:StyleID="s76"/>
    <Cell ss:StyleID="s76"/>
    <Cell ss:StyleID="s76"/>
    <Cell ss:StyleID="s76"/>
   </Row>
   <Row ss:AutoFitHeight="0">
    <Cell ss:StyleID="s79"/>
    <Cell ss:StyleID="s76"/>
    <Cell ss:StyleID="s76"/>
    <Cell ss:StyleID="s76"/>
    <Cell ss:StyleID="s76"/>
    <Cell ss:StyleID="s76"/>
    <Cell ss:StyleID="s76"/>
   </Row>
   <Row ss:AutoFitHeight="0">
    <Cell ss:StyleID="s79"/>
    <Cell ss:StyleID="s76"/>
    <Cell ss:StyleID="s76"/>
    <Cell ss:StyleID="s76"/>
    <Cell ss:StyleID="s76"/>
    <Cell ss:StyleID="s76"/>
    <Cell ss:StyleID="s76"/>
   </Row>
   <Row ss:AutoFitHeight="0">
    <Cell ss:StyleID="s79"/>
    <Cell ss:StyleID="s76"/>
    <Cell ss:StyleID="s76"/>
    <Cell ss:StyleID="s76"/>
    <Cell ss:StyleID="s76"/>
    <Cell ss:StyleID="s76"/>
    <Cell ss:StyleID="s76"/>
   </Row>
   <Row ss:AutoFitHeight="0">
    <Cell ss:StyleID="s79"/>
    <Cell ss:StyleID="s76"/>
    <Cell ss:StyleID="s76"/>
    <Cell ss:StyleID="s76"/>
    <Cell ss:StyleID="s76"/>
    <Cell ss:StyleID="s76"/>
    <Cell ss:StyleID="s76"/>
   </Row>
   <Row ss:AutoFitHeight="0">
    <Cell ss:StyleID="s79"/>
    <Cell ss:StyleID="s76"/>
    <Cell ss:StyleID="s76"/>
    <Cell ss:StyleID="s76"/>
    <Cell ss:StyleID="s76"/>
    <Cell ss:StyleID="s76"/>
    <Cell ss:StyleID="s76"/>
   </Row>
   <Row ss:AutoFitHeight="0">
    <Cell ss:StyleID="s79"/>
    <Cell ss:StyleID="s76"/>
    <Cell ss:StyleID="s76"/>
    <Cell ss:StyleID="s76"/>
    <Cell ss:StyleID="s76"/>
    <Cell ss:StyleID="s76"/>
    <Cell ss:StyleID="s76"/>
   </Row>
   <Row ss:AutoFitHeight="0">
    <Cell ss:StyleID="s79"/>
    <Cell ss:StyleID="s76"/>
    <Cell ss:StyleID="s76"/>
    <Cell ss:StyleID="s76"/>
    <Cell ss:StyleID="s76"/>
    <Cell ss:StyleID="s76"/>
    <Cell ss:StyleID="s76"/>
   </Row>
   <Row ss:AutoFitHeight="0">
    <Cell ss:StyleID="s79"/>
    <Cell ss:StyleID="s76"/>
    <Cell ss:StyleID="s76"/>
    <Cell ss:StyleID="s76"/>
    <Cell ss:StyleID="s76"/>
    <Cell ss:StyleID="s76"/>
    <Cell ss:StyleID="s76"/>
   </Row>
   <Row ss:AutoFitHeight="0">
    <Cell ss:StyleID="s79"/>
    <Cell ss:StyleID="s76"/>
    <Cell ss:StyleID="s76"/>
    <Cell ss:StyleID="s76"/>
    <Cell ss:StyleID="s76"/>
    <Cell ss:StyleID="s76"/>
    <Cell ss:StyleID="s76"/>
   </Row>
   <Row ss:AutoFitHeight="0">
    <Cell ss:StyleID="s79"/>
    <Cell ss:StyleID="s76"/>
    <Cell ss:StyleID="s76"/>
    <Cell ss:StyleID="s76"/>
    <Cell ss:StyleID="s76"/>
    <Cell ss:StyleID="s76"/>
    <Cell ss:StyleID="s76"/>
   </Row>
   <Row ss:AutoFitHeight="0">
    <Cell ss:StyleID="s79"/>
    <Cell ss:StyleID="s76"/>
    <Cell ss:StyleID="s76"/>
    <Cell ss:StyleID="s76"/>
    <Cell ss:StyleID="s76"/>
    <Cell ss:StyleID="s76"/>
    <Cell ss:StyleID="s76"/>
   </Row>
   <Row ss:AutoFitHeight="0">
    <Cell ss:StyleID="s79"/>
    <Cell ss:StyleID="s76"/>
    <Cell ss:StyleID="s76"/>
    <Cell ss:StyleID="s76"/>
    <Cell ss:StyleID="s76"/>
    <Cell ss:StyleID="s76"/>
    <Cell ss:StyleID="s76"/>
   </Row>
   <Row ss:AutoFitHeight="0">
    <Cell ss:StyleID="s79"/>
    <Cell ss:StyleID="s76"/>
    <Cell ss:StyleID="s76"/>
    <Cell ss:StyleID="s76"/>
    <Cell ss:StyleID="s76"/>
    <Cell ss:StyleID="s76"/>
    <Cell ss:StyleID="s76"/>
   </Row>
   <Row ss:AutoFitHeight="0">
    <Cell ss:StyleID="s79"/>
    <Cell ss:StyleID="s76"/>
    <Cell ss:StyleID="s76"/>
    <Cell ss:StyleID="s76"/>
    <Cell ss:StyleID="s76"/>
    <Cell ss:StyleID="s76"/>
    <Cell ss:StyleID="s76"/>
   </Row>
   <Row ss:AutoFitHeight="0">
    <Cell ss:StyleID="s79"/>
    <Cell ss:StyleID="s76"/>
    <Cell ss:StyleID="s76"/>
    <Cell ss:StyleID="s76"/>
    <Cell ss:StyleID="s76"/>
    <Cell ss:StyleID="s76"/>
    <Cell ss:StyleID="s76"/>
   </Row>
   <Row ss:AutoFitHeight="0">
    <Cell ss:StyleID="s79"/>
    <Cell ss:StyleID="s76"/>
    <Cell ss:StyleID="s76"/>
    <Cell ss:StyleID="s76"/>
    <Cell ss:StyleID="s76"/>
    <Cell ss:StyleID="s76"/>
    <Cell ss:StyleID="s76"/>
   </Row>
   <Row ss:AutoFitHeight="0">
    <Cell ss:StyleID="s79"/>
    <Cell ss:StyleID="s76"/>
    <Cell ss:StyleID="s76"/>
    <Cell ss:StyleID="s76"/>
    <Cell ss:StyleID="s76"/>
    <Cell ss:StyleID="s76"/>
    <Cell ss:StyleID="s76"/>
   </Row>
   <Row ss:AutoFitHeight="0">
    <Cell ss:StyleID="s79"/>
    <Cell ss:StyleID="s76"/>
    <Cell ss:StyleID="s76"/>
    <Cell ss:StyleID="s76"/>
    <Cell ss:StyleID="s76"/>
    <Cell ss:StyleID="s76"/>
    <Cell ss:StyleID="s76"/>
   </Row>
   <Row ss:AutoFitHeight="0">
    <Cell ss:StyleID="s79"/>
    <Cell ss:StyleID="s76"/>
    <Cell ss:StyleID="s76"/>
    <Cell ss:StyleID="s76"/>
    <Cell ss:StyleID="s76"/>
    <Cell ss:StyleID="s76"/>
    <Cell ss:StyleID="s76"/>
   </Row>
   <Row ss:AutoFitHeight="0">
    <Cell ss:StyleID="s79"/>
    <Cell ss:StyleID="s76"/>
    <Cell ss:StyleID="s76"/>
    <Cell ss:StyleID="s76"/>
    <Cell ss:StyleID="s76"/>
    <Cell ss:StyleID="s76"/>
    <Cell ss:StyleID="s76"/>
   </Row>
   <Row ss:AutoFitHeight="0">
    <Cell ss:StyleID="s79"/>
    <Cell ss:StyleID="s76"/>
    <Cell ss:StyleID="s76"/>
    <Cell ss:StyleID="s76"/>
    <Cell ss:StyleID="s76"/>
    <Cell ss:StyleID="s76"/>
    <Cell ss:StyleID="s76"/>
   </Row>
   <Row ss:AutoFitHeight="0">
    <Cell ss:StyleID="s79"/>
    <Cell ss:StyleID="s76"/>
    <Cell ss:StyleID="s76"/>
    <Cell ss:StyleID="s76"/>
    <Cell ss:StyleID="s76"/>
    <Cell ss:StyleID="s76"/>
    <Cell ss:StyleID="s76"/>
   </Row>
   <Row ss:AutoFitHeight="0">
    <Cell ss:StyleID="s79"/>
    <Cell ss:StyleID="s76"/>
    <Cell ss:StyleID="s76"/>
    <Cell ss:StyleID="s76"/>
    <Cell ss:StyleID="s76"/>
    <Cell ss:StyleID="s76"/>
    <Cell ss:StyleID="s76"/>
   </Row>
   <Row ss:AutoFitHeight="0">
    <Cell ss:StyleID="s79"/>
    <Cell ss:StyleID="s76"/>
    <Cell ss:StyleID="s76"/>
    <Cell ss:StyleID="s76"/>
    <Cell ss:StyleID="s76"/>
    <Cell ss:StyleID="s76"/>
    <Cell ss:StyleID="s76"/>
   </Row>
   <Row ss:AutoFitHeight="0">
    <Cell ss:StyleID="s79"/>
    <Cell ss:StyleID="s76"/>
    <Cell ss:StyleID="s76"/>
    <Cell ss:StyleID="s76"/>
    <Cell ss:StyleID="s76"/>
    <Cell ss:StyleID="s76"/>
    <Cell ss:StyleID="s76"/>
   </Row>
   <Row ss:AutoFitHeight="0">
    <Cell ss:StyleID="s79"/>
    <Cell ss:StyleID="s76"/>
    <Cell ss:StyleID="s76"/>
    <Cell ss:StyleID="s76"/>
    <Cell ss:StyleID="s76"/>
    <Cell ss:StyleID="s76"/>
    <Cell ss:StyleID="s76"/>
   </Row>
   <Row ss:AutoFitHeight="0">
    <Cell ss:StyleID="s79"/>
    <Cell ss:StyleID="s76"/>
    <Cell ss:StyleID="s76"/>
    <Cell ss:StyleID="s76"/>
    <Cell ss:StyleID="s76"/>
    <Cell ss:StyleID="s76"/>
    <Cell ss:StyleID="s76"/>
   </Row>
   <Row ss:AutoFitHeight="0">
    <Cell ss:StyleID="s79"/>
    <Cell ss:StyleID="s76"/>
    <Cell ss:StyleID="s76"/>
    <Cell ss:StyleID="s76"/>
    <Cell ss:StyleID="s76"/>
    <Cell ss:StyleID="s76"/>
    <Cell ss:StyleID="s76"/>
   </Row>
   <Row ss:AutoFitHeight="0">
    <Cell ss:StyleID="s79"/>
    <Cell ss:StyleID="s76"/>
    <Cell ss:StyleID="s76"/>
    <Cell ss:StyleID="s76"/>
    <Cell ss:StyleID="s76"/>
    <Cell ss:StyleID="s76"/>
    <Cell ss:StyleID="s76"/>
   </Row>
   <Row ss:AutoFitHeight="0">
    <Cell ss:StyleID="s79"/>
    <Cell ss:StyleID="s76"/>
    <Cell ss:StyleID="s76"/>
    <Cell ss:StyleID="s76"/>
    <Cell ss:StyleID="s76"/>
    <Cell ss:StyleID="s76"/>
    <Cell ss:StyleID="s76"/>
   </Row>
   <Row ss:AutoFitHeight="0">
    <Cell ss:StyleID="s79"/>
    <Cell ss:StyleID="s76"/>
    <Cell ss:StyleID="s76"/>
    <Cell ss:StyleID="s76"/>
    <Cell ss:StyleID="s76"/>
    <Cell ss:StyleID="s76"/>
    <Cell ss:StyleID="s76"/>
   </Row>
   <Row ss:AutoFitHeight="0">
    <Cell ss:StyleID="s79"/>
    <Cell ss:StyleID="s76"/>
    <Cell ss:StyleID="s76"/>
    <Cell ss:StyleID="s76"/>
    <Cell ss:StyleID="s76"/>
    <Cell ss:StyleID="s76"/>
    <Cell ss:StyleID="s76"/>
   </Row>
   <Row ss:AutoFitHeight="0">
    <Cell ss:StyleID="s79"/>
    <Cell ss:StyleID="s76"/>
    <Cell ss:StyleID="s76"/>
    <Cell ss:StyleID="s76"/>
    <Cell ss:StyleID="s76"/>
    <Cell ss:StyleID="s76"/>
    <Cell ss:StyleID="s76"/>
   </Row>
   <Row ss:AutoFitHeight="0" ss:Height="12">
    <Cell ss:StyleID="s79"/>
    <Cell ss:StyleID="s76"/>
    <Cell ss:StyleID="s76"/>
    <Cell ss:StyleID="s76"/>
    <Cell ss:StyleID="s76"/>
    <Cell ss:StyleID="s76"/>
    <Cell ss:StyleID="s76"/>
   </Row>
   <Row ss:AutoFitHeight="0">
    <Cell ss:StyleID="s79"/>
    <Cell ss:StyleID="s76"/>
    <Cell ss:StyleID="s76"/>
    <Cell ss:StyleID="s76"/>
    <Cell ss:StyleID="s76"/>
    <Cell ss:StyleID="s76"/>
    <Cell ss:StyleID="s76"/>
   </Row>
   <Row ss:AutoFitHeight="0">
    <Cell ss:StyleID="s79"/>
    <Cell ss:StyleID="s76"/>
    <Cell ss:StyleID="s76"/>
    <Cell ss:StyleID="s76"/>
    <Cell ss:StyleID="s76"/>
    <Cell ss:StyleID="s76"/>
    <Cell ss:StyleID="s76"/>
   </Row>
   <Row ss:AutoFitHeight="0">
    <Cell ss:StyleID="s79"/>
    <Cell ss:StyleID="s76"/>
    <Cell ss:StyleID="s76"/>
    <Cell ss:StyleID="s76"/>
    <Cell ss:StyleID="s76"/>
    <Cell ss:StyleID="s76"/>
    <Cell ss:StyleID="s76"/>
   </Row>
   <Row ss:AutoFitHeight="0">
    <Cell ss:StyleID="s79"/>
    <Cell ss:StyleID="s76"/>
    <Cell ss:StyleID="s76"/>
    <Cell ss:StyleID="s76"/>
    <Cell ss:StyleID="s76"/>
    <Cell ss:StyleID="s76"/>
    <Cell ss:StyleID="s76"/>
   </Row>
   <Row ss:AutoFitHeight="0">
    <Cell ss:StyleID="s79"/>
    <Cell ss:StyleID="s76"/>
    <Cell ss:StyleID="s76"/>
    <Cell ss:StyleID="s76"/>
    <Cell ss:StyleID="s76"/>
    <Cell ss:StyleID="s76"/>
    <Cell ss:StyleID="s76"/>
   </Row>
   <Row ss:AutoFitHeight="0">
    <Cell ss:StyleID="s79"/>
    <Cell ss:StyleID="s76"/>
    <Cell ss:StyleID="s76"/>
    <Cell ss:StyleID="s76"/>
    <Cell ss:StyleID="s76"/>
    <Cell ss:StyleID="s76"/>
    <Cell ss:StyleID="s76"/>
   </Row>
   <Row ss:AutoFitHeight="0">
    <Cell ss:StyleID="s79"/>
    <Cell ss:StyleID="s76"/>
    <Cell ss:StyleID="s76"/>
    <Cell ss:StyleID="s76"/>
    <Cell ss:StyleID="s76"/>
    <Cell ss:StyleID="s76"/>
    <Cell ss:StyleID="s76"/>
   </Row>
   <Row ss:AutoFitHeight="0">
    <Cell ss:StyleID="s79"/>
    <Cell ss:StyleID="s76"/>
    <Cell ss:StyleID="s76"/>
    <Cell ss:StyleID="s76"/>
    <Cell ss:StyleID="s76"/>
    <Cell ss:StyleID="s76"/>
    <Cell ss:StyleID="s76"/>
   </Row>
   <Row ss:AutoFitHeight="0">
    <Cell ss:StyleID="s79"/>
    <Cell ss:StyleID="s76"/>
    <Cell ss:StyleID="s76"/>
    <Cell ss:StyleID="s76"/>
    <Cell ss:StyleID="s76"/>
    <Cell ss:StyleID="s76"/>
    <Cell ss:StyleID="s76"/>
   </Row>
   <Row ss:AutoFitHeight="0">
    <Cell ss:StyleID="s79"/>
    <Cell ss:StyleID="s76"/>
    <Cell ss:StyleID="s76"/>
    <Cell ss:StyleID="s76"/>
    <Cell ss:StyleID="s76"/>
    <Cell ss:StyleID="s76"/>
    <Cell ss:StyleID="s76"/>
   </Row>
   <Row ss:AutoFitHeight="0">
    <Cell ss:StyleID="s79"/>
    <Cell ss:StyleID="s76"/>
    <Cell ss:StyleID="s76"/>
    <Cell ss:StyleID="s76"/>
    <Cell ss:StyleID="s76"/>
    <Cell ss:StyleID="s76"/>
    <Cell ss:StyleID="s76"/>
   </Row>
   <Row ss:AutoFitHeight="0">
    <Cell ss:StyleID="s79"/>
    <Cell ss:StyleID="s76"/>
    <Cell ss:StyleID="s76"/>
    <Cell ss:StyleID="s76"/>
    <Cell ss:StyleID="s76"/>
    <Cell ss:StyleID="s76"/>
    <Cell ss:StyleID="s76"/>
   </Row>
   <Row ss:AutoFitHeight="0">
    <Cell ss:StyleID="s79"/>
    <Cell ss:StyleID="s76"/>
    <Cell ss:StyleID="s76"/>
    <Cell ss:StyleID="s76"/>
    <Cell ss:StyleID="s76"/>
    <Cell ss:StyleID="s76"/>
    <Cell ss:StyleID="s76"/>
   </Row>
   <Row ss:AutoFitHeight="0">
    <Cell ss:StyleID="s79"/>
    <Cell ss:StyleID="s76"/>
    <Cell ss:StyleID="s76"/>
    <Cell ss:StyleID="s76"/>
    <Cell ss:StyleID="s76"/>
    <Cell ss:StyleID="s76"/>
    <Cell ss:StyleID="s76"/>
   </Row>
   <Row ss:AutoFitHeight="0">
    <Cell ss:StyleID="s79"/>
    <Cell ss:StyleID="s76"/>
    <Cell ss:StyleID="s76"/>
    <Cell ss:StyleID="s76"/>
    <Cell ss:StyleID="s76"/>
    <Cell ss:StyleID="s76"/>
    <Cell ss:StyleID="s76"/>
   </Row>
   <Row ss:AutoFitHeight="0">
    <Cell ss:StyleID="s79"/>
    <Cell ss:StyleID="s76"/>
    <Cell ss:StyleID="s76"/>
    <Cell ss:StyleID="s76"/>
    <Cell ss:StyleID="s76"/>
    <Cell ss:StyleID="s76"/>
    <Cell ss:StyleID="s76"/>
   </Row>
   <Row ss:AutoFitHeight="0">
    <Cell ss:StyleID="s79"/>
    <Cell ss:StyleID="s76"/>
    <Cell ss:StyleID="s76"/>
    <Cell ss:StyleID="s76"/>
    <Cell ss:StyleID="s76"/>
    <Cell ss:StyleID="s76"/>
    <Cell ss:StyleID="s76"/>
   </Row>
   <Row ss:AutoFitHeight="0">
    <Cell ss:StyleID="s79"/>
    <Cell ss:StyleID="s76"/>
    <Cell ss:StyleID="s76"/>
    <Cell ss:StyleID="s76"/>
    <Cell ss:StyleID="s76"/>
    <Cell ss:StyleID="s76"/>
    <Cell ss:StyleID="s76"/>
   </Row>
   <Row ss:AutoFitHeight="0">
    <Cell ss:StyleID="s79"/>
    <Cell ss:StyleID="s76"/>
    <Cell ss:StyleID="s76"/>
    <Cell ss:StyleID="s76"/>
    <Cell ss:StyleID="s76"/>
    <Cell ss:StyleID="s76"/>
    <Cell ss:StyleID="s76"/>
   </Row>
   <Row ss:AutoFitHeight="0">
    <Cell ss:StyleID="s79"/>
    <Cell ss:StyleID="s76"/>
    <Cell ss:StyleID="s76"/>
    <Cell ss:StyleID="s76"/>
    <Cell ss:StyleID="s76"/>
    <Cell ss:StyleID="s76"/>
    <Cell ss:StyleID="s76"/>
   </Row>
   <Row ss:AutoFitHeight="0">
    <Cell ss:StyleID="s79"/>
    <Cell ss:StyleID="s76"/>
    <Cell ss:StyleID="s76"/>
    <Cell ss:StyleID="s76"/>
    <Cell ss:StyleID="s76"/>
    <Cell ss:StyleID="s76"/>
    <Cell ss:StyleID="s76"/>
   </Row>
   <Row ss:AutoFitHeight="0">
    <Cell ss:StyleID="s79"/>
    <Cell ss:StyleID="s76"/>
    <Cell ss:StyleID="s76"/>
    <Cell ss:StyleID="s76"/>
    <Cell ss:StyleID="s76"/>
    <Cell ss:StyleID="s76"/>
    <Cell ss:StyleID="s76"/>
   </Row>
   <Row ss:AutoFitHeight="0">
    <Cell ss:StyleID="s79"/>
    <Cell ss:StyleID="s76"/>
    <Cell ss:StyleID="s76"/>
    <Cell ss:StyleID="s76"/>
    <Cell ss:StyleID="s76"/>
    <Cell ss:StyleID="s76"/>
    <Cell ss:StyleID="s76"/>
   </Row>
   <Row ss:AutoFitHeight="0">
    <Cell ss:StyleID="s79"/>
    <Cell ss:StyleID="s76"/>
    <Cell ss:StyleID="s76"/>
    <Cell ss:StyleID="s76"/>
    <Cell ss:StyleID="s76"/>
    <Cell ss:StyleID="s76"/>
    <Cell ss:StyleID="s76"/>
   </Row>
   <Row ss:AutoFitHeight="0">
    <Cell ss:StyleID="s79"/>
    <Cell ss:StyleID="s76"/>
    <Cell ss:StyleID="s76"/>
    <Cell ss:StyleID="s76"/>
    <Cell ss:StyleID="s76"/>
    <Cell ss:StyleID="s76"/>
    <Cell ss:StyleID="s76"/>
   </Row>
   <Row ss:AutoFitHeight="0">
    <Cell ss:StyleID="s79"/>
    <Cell ss:StyleID="s76"/>
    <Cell ss:StyleID="s76"/>
    <Cell ss:StyleID="s76"/>
    <Cell ss:StyleID="s76"/>
    <Cell ss:StyleID="s76"/>
    <Cell ss:StyleID="s76"/>
   </Row>
   <Row ss:AutoFitHeight="0">
    <Cell ss:StyleID="s79"/>
    <Cell ss:StyleID="s76"/>
    <Cell ss:StyleID="s76"/>
    <Cell ss:StyleID="s76"/>
    <Cell ss:StyleID="s76"/>
    <Cell ss:StyleID="s76"/>
    <Cell ss:StyleID="s76"/>
   </Row>
   <Row ss:AutoFitHeight="0">
    <Cell ss:StyleID="s79"/>
    <Cell ss:StyleID="s76"/>
    <Cell ss:StyleID="s76"/>
    <Cell ss:StyleID="s76"/>
    <Cell ss:StyleID="s76"/>
    <Cell ss:StyleID="s76"/>
    <Cell ss:StyleID="s76"/>
   </Row>
   <Row ss:AutoFitHeight="0">
    <Cell ss:StyleID="s79"/>
    <Cell ss:StyleID="s76"/>
    <Cell ss:StyleID="s76"/>
    <Cell ss:StyleID="s76"/>
    <Cell ss:StyleID="s76"/>
    <Cell ss:StyleID="s76"/>
    <Cell ss:StyleID="s76"/>
   </Row>
   <Row ss:AutoFitHeight="0">
    <Cell ss:StyleID="s79"/>
    <Cell ss:StyleID="s76"/>
    <Cell ss:StyleID="s76"/>
    <Cell ss:StyleID="s76"/>
    <Cell ss:StyleID="s76"/>
    <Cell ss:StyleID="s76"/>
    <Cell ss:StyleID="s76"/>
   </Row>
   <Row ss:AutoFitHeight="0">
    <Cell ss:StyleID="s79"/>
    <Cell ss:StyleID="s76"/>
    <Cell ss:StyleID="s76"/>
    <Cell ss:StyleID="s76"/>
    <Cell ss:StyleID="s76"/>
    <Cell ss:StyleID="s76"/>
    <Cell ss:StyleID="s76"/>
   </Row>
   <Row ss:AutoFitHeight="0">
    <Cell ss:StyleID="s79"/>
    <Cell ss:StyleID="s76"/>
    <Cell ss:StyleID="s76"/>
    <Cell ss:StyleID="s76"/>
    <Cell ss:StyleID="s76"/>
    <Cell ss:StyleID="s76"/>
    <Cell ss:StyleID="s76"/>
   </Row>
   <Row ss:AutoFitHeight="0">
    <Cell ss:StyleID="s79"/>
    <Cell ss:StyleID="s76"/>
    <Cell ss:StyleID="s76"/>
    <Cell ss:StyleID="s76"/>
    <Cell ss:StyleID="s76"/>
    <Cell ss:StyleID="s76"/>
    <Cell ss:StyleID="s76"/>
   </Row>
   <Row ss:AutoFitHeight="0">
    <Cell ss:StyleID="s79"/>
    <Cell ss:StyleID="s76"/>
    <Cell ss:StyleID="s76"/>
    <Cell ss:StyleID="s76"/>
    <Cell ss:StyleID="s76"/>
    <Cell ss:StyleID="s76"/>
    <Cell ss:StyleID="s76"/>
   </Row>
   <Row ss:AutoFitHeight="0">
    <Cell ss:StyleID="s79"/>
    <Cell ss:StyleID="s76"/>
    <Cell ss:StyleID="s76"/>
    <Cell ss:StyleID="s76"/>
    <Cell ss:StyleID="s76"/>
    <Cell ss:StyleID="s76"/>
    <Cell ss:StyleID="s76"/>
   </Row>
   <Row ss:AutoFitHeight="0">
    <Cell ss:StyleID="s79"/>
    <Cell ss:StyleID="s76"/>
    <Cell ss:StyleID="s76"/>
    <Cell ss:StyleID="s76"/>
    <Cell ss:StyleID="s76"/>
    <Cell ss:StyleID="s76"/>
    <Cell ss:StyleID="s76"/>
   </Row>
   <Row ss:AutoFitHeight="0">
    <Cell ss:StyleID="s79"/>
    <Cell ss:StyleID="s76"/>
    <Cell ss:StyleID="s76"/>
    <Cell ss:StyleID="s76"/>
    <Cell ss:StyleID="s76"/>
    <Cell ss:StyleID="s76"/>
    <Cell ss:StyleID="s76"/>
   </Row>
   <Row ss:AutoFitHeight="0">
    <Cell ss:StyleID="s79"/>
    <Cell ss:StyleID="s76"/>
    <Cell ss:StyleID="s76"/>
    <Cell ss:StyleID="s76"/>
    <Cell ss:StyleID="s76"/>
    <Cell ss:StyleID="s76"/>
    <Cell ss:StyleID="s76"/>
   </Row>
   <Row ss:AutoFitHeight="0">
    <Cell ss:StyleID="s79"/>
    <Cell ss:StyleID="s76"/>
    <Cell ss:StyleID="s76"/>
    <Cell ss:StyleID="s76"/>
    <Cell ss:StyleID="s76"/>
    <Cell ss:StyleID="s76"/>
    <Cell ss:StyleID="s76"/>
   </Row>
   <Row ss:AutoFitHeight="0">
    <Cell ss:StyleID="s79"/>
    <Cell ss:StyleID="s76"/>
    <Cell ss:StyleID="s76"/>
    <Cell ss:StyleID="s76"/>
    <Cell ss:StyleID="s76"/>
    <Cell ss:StyleID="s76"/>
    <Cell ss:StyleID="s76"/>
   </Row>
   <Row ss:AutoFitHeight="0">
    <Cell ss:StyleID="s79"/>
    <Cell ss:StyleID="s76"/>
    <Cell ss:StyleID="s76"/>
    <Cell ss:StyleID="s76"/>
    <Cell ss:StyleID="s76"/>
    <Cell ss:StyleID="s76"/>
    <Cell ss:StyleID="s76"/>
   </Row>
   <Row ss:AutoFitHeight="0">
    <Cell ss:StyleID="s79"/>
    <Cell ss:StyleID="s76"/>
    <Cell ss:StyleID="s76"/>
    <Cell ss:StyleID="s76"/>
    <Cell ss:StyleID="s76"/>
    <Cell ss:StyleID="s76"/>
    <Cell ss:StyleID="s76"/>
   </Row>
   <Row ss:AutoFitHeight="0">
    <Cell ss:StyleID="s79"/>
    <Cell ss:StyleID="s76"/>
    <Cell ss:StyleID="s76"/>
    <Cell ss:StyleID="s76"/>
    <Cell ss:StyleID="s76"/>
    <Cell ss:StyleID="s76"/>
    <Cell ss:StyleID="s76"/>
   </Row>
   <Row ss:AutoFitHeight="0">
    <Cell ss:StyleID="s79"/>
    <Cell ss:StyleID="s76"/>
    <Cell ss:StyleID="s76"/>
    <Cell ss:StyleID="s76"/>
    <Cell ss:StyleID="s76"/>
    <Cell ss:StyleID="s76"/>
    <Cell ss:StyleID="s76"/>
   </Row>
   <Row ss:AutoFitHeight="0">
    <Cell ss:StyleID="s79"/>
    <Cell ss:StyleID="s76"/>
    <Cell ss:StyleID="s76"/>
    <Cell ss:StyleID="s76"/>
    <Cell ss:StyleID="s76"/>
    <Cell ss:StyleID="s76"/>
    <Cell ss:StyleID="s76"/>
   </Row>
   <Row ss:AutoFitHeight="0">
    <Cell ss:StyleID="s79"/>
    <Cell ss:StyleID="s76"/>
    <Cell ss:StyleID="s76"/>
    <Cell ss:StyleID="s76"/>
    <Cell ss:StyleID="s76"/>
    <Cell ss:StyleID="s76"/>
    <Cell ss:StyleID="s76"/>
   </Row>
   <Row ss:AutoFitHeight="0">
    <Cell ss:StyleID="s79"/>
    <Cell ss:StyleID="s76"/>
    <Cell ss:StyleID="s76"/>
    <Cell ss:StyleID="s76"/>
    <Cell ss:StyleID="s76"/>
    <Cell ss:StyleID="s76"/>
    <Cell ss:StyleID="s76"/>
   </Row>
   <Row ss:AutoFitHeight="0">
    <Cell ss:StyleID="s79"/>
    <Cell ss:StyleID="s76"/>
    <Cell ss:StyleID="s76"/>
    <Cell ss:StyleID="s76"/>
    <Cell ss:StyleID="s76"/>
    <Cell ss:StyleID="s76"/>
    <Cell ss:StyleID="s76"/>
   </Row>
   <Row ss:AutoFitHeight="0">
    <Cell ss:StyleID="s79"/>
    <Cell ss:StyleID="s80"/>
    <Cell ss:StyleID="s80"/>
    <Cell ss:StyleID="s80"/>
    <Cell ss:StyleID="s80"/>
    <Cell ss:StyleID="s76"/>
    <Cell ss:StyleID="s76"/>
   </Row>
   <Row ss:AutoFitHeight="0">
    <Cell ss:StyleID="s79"/>
    <Cell ss:StyleID="s80"/>
    <Cell ss:StyleID="s80"/>
    <Cell ss:StyleID="s80"/>
    <Cell ss:StyleID="s80"/>
    <Cell ss:StyleID="s76"/>
    <Cell ss:StyleID="s76"/>
   </Row>
   <Row ss:AutoFitHeight="0">
    <Cell ss:StyleID="s79"/>
    <Cell ss:StyleID="s80"/>
    <Cell ss:StyleID="s80"/>
    <Cell ss:StyleID="s80"/>
    <Cell ss:StyleID="s80"/>
    <Cell ss:StyleID="s76"/>
    <Cell ss:StyleID="s76"/>
   </Row>
   <Row ss:AutoFitHeight="0">
    <Cell ss:StyleID="s79"/>
    <Cell ss:StyleID="s80"/>
    <Cell ss:StyleID="s80"/>
    <Cell ss:StyleID="s80"/>
    <Cell ss:StyleID="s80"/>
    <Cell ss:StyleID="s76"/>
    <Cell ss:StyleID="s76"/>
   </Row>
   <Row ss:AutoFitHeight="0">
    <Cell ss:StyleID="s79"/>
    <Cell ss:StyleID="s80"/>
    <Cell ss:StyleID="s80"/>
    <Cell ss:StyleID="s80"/>
    <Cell ss:StyleID="s80"/>
    <Cell ss:StyleID="s76"/>
    <Cell ss:StyleID="s76"/>
   </Row>
   <Row ss:AutoFitHeight="0">
    <Cell ss:StyleID="s79"/>
    <Cell ss:StyleID="s80"/>
    <Cell ss:StyleID="s80"/>
    <Cell ss:StyleID="s80"/>
    <Cell ss:StyleID="s80"/>
    <Cell ss:StyleID="s76"/>
    <Cell ss:StyleID="s76"/>
   </Row>
   <Row ss:AutoFitHeight="0">
    <Cell ss:StyleID="s79"/>
    <Cell ss:StyleID="s80"/>
    <Cell ss:StyleID="s80"/>
    <Cell ss:StyleID="s80"/>
    <Cell ss:StyleID="s80"/>
    <Cell ss:StyleID="s76"/>
    <Cell ss:StyleID="s76"/>
   </Row>
   <Row ss:AutoFitHeight="0">
    <Cell ss:StyleID="s79"/>
    <Cell ss:StyleID="s80"/>
    <Cell ss:StyleID="s80"/>
    <Cell ss:StyleID="s80"/>
    <Cell ss:StyleID="s80"/>
    <Cell ss:StyleID="s76"/>
    <Cell ss:StyleID="s76"/>
   </Row>
   <Row ss:AutoFitHeight="0">
    <Cell ss:StyleID="s79"/>
    <Cell ss:StyleID="s80"/>
    <Cell ss:StyleID="s80"/>
    <Cell ss:StyleID="s80"/>
    <Cell ss:StyleID="s80"/>
    <Cell ss:StyleID="s76"/>
    <Cell ss:StyleID="s76"/>
   </Row>
   <Row ss:AutoFitHeight="0">
    <Cell ss:StyleID="s79"/>
    <Cell ss:StyleID="s80"/>
    <Cell ss:StyleID="s80"/>
    <Cell ss:StyleID="s80"/>
    <Cell ss:StyleID="s80"/>
    <Cell ss:StyleID="s76"/>
    <Cell ss:StyleID="s76"/>
   </Row>
   <Row ss:AutoFitHeight="0">
    <Cell ss:StyleID="s79"/>
    <Cell ss:StyleID="s80"/>
    <Cell ss:StyleID="s80"/>
    <Cell ss:StyleID="s80"/>
    <Cell ss:StyleID="s80"/>
    <Cell ss:StyleID="s76"/>
    <Cell ss:StyleID="s76"/>
   </Row>
   <Row ss:AutoFitHeight="0">
    <Cell ss:StyleID="s79"/>
    <Cell ss:StyleID="s80"/>
    <Cell ss:StyleID="s80"/>
    <Cell ss:StyleID="s80"/>
    <Cell ss:StyleID="s80"/>
    <Cell ss:StyleID="s76"/>
    <Cell ss:StyleID="s76"/>
   </Row>
   <Row ss:AutoFitHeight="0">
    <Cell ss:StyleID="s79"/>
    <Cell ss:StyleID="s80"/>
    <Cell ss:StyleID="s80"/>
    <Cell ss:StyleID="s80"/>
    <Cell ss:StyleID="s80"/>
    <Cell ss:StyleID="s76"/>
    <Cell ss:StyleID="s76"/>
   </Row>
   <Row ss:AutoFitHeight="0">
    <Cell ss:StyleID="s79"/>
    <Cell ss:StyleID="s80"/>
    <Cell ss:StyleID="s80"/>
    <Cell ss:StyleID="s80"/>
    <Cell ss:StyleID="s80"/>
    <Cell ss:StyleID="s76"/>
    <Cell ss:StyleID="s76"/>
   </Row>
   <Row ss:AutoFitHeight="0">
    <Cell ss:StyleID="s79"/>
    <Cell ss:StyleID="s80"/>
    <Cell ss:StyleID="s80"/>
    <Cell ss:StyleID="s80"/>
    <Cell ss:StyleID="s80"/>
    <Cell ss:StyleID="s76"/>
    <Cell ss:StyleID="s76"/>
   </Row>
   <Row ss:AutoFitHeight="0">
    <Cell ss:StyleID="s79"/>
    <Cell ss:StyleID="s80"/>
    <Cell ss:StyleID="s80"/>
    <Cell ss:StyleID="s80"/>
    <Cell ss:StyleID="s80"/>
    <Cell ss:StyleID="s76"/>
    <Cell ss:StyleID="s76"/>
   </Row>
   <Row ss:AutoFitHeight="0">
    <Cell ss:StyleID="s79"/>
    <Cell ss:StyleID="s80"/>
    <Cell ss:StyleID="s80"/>
    <Cell ss:StyleID="s80"/>
    <Cell ss:StyleID="s80"/>
    <Cell ss:StyleID="s76"/>
    <Cell ss:StyleID="s76"/>
   </Row>
   <Row ss:AutoFitHeight="0">
    <Cell ss:StyleID="s79"/>
    <Cell ss:StyleID="s80"/>
    <Cell ss:StyleID="s80"/>
    <Cell ss:StyleID="s80"/>
    <Cell ss:StyleID="s80"/>
    <Cell ss:StyleID="s76"/>
    <Cell ss:StyleID="s76"/>
   </Row>
   <Row ss:AutoFitHeight="0">
    <Cell ss:StyleID="s79"/>
    <Cell ss:StyleID="s80"/>
    <Cell ss:StyleID="s80"/>
    <Cell ss:StyleID="s80"/>
    <Cell ss:StyleID="s80"/>
    <Cell ss:StyleID="s76"/>
    <Cell ss:StyleID="s76"/>
   </Row>
   <Row ss:AutoFitHeight="0">
    <Cell ss:StyleID="s79"/>
    <Cell ss:StyleID="s80"/>
    <Cell ss:StyleID="s80"/>
    <Cell ss:StyleID="s80"/>
    <Cell ss:StyleID="s80"/>
    <Cell ss:StyleID="s76"/>
    <Cell ss:StyleID="s76"/>
   </Row>
   <Row ss:AutoFitHeight="0">
    <Cell ss:StyleID="s79"/>
    <Cell ss:StyleID="s80"/>
    <Cell ss:StyleID="s80"/>
    <Cell ss:StyleID="s80"/>
    <Cell ss:StyleID="s80"/>
    <Cell ss:StyleID="s76"/>
    <Cell ss:StyleID="s76"/>
   </Row>
   <Row ss:AutoFitHeight="0">
    <Cell ss:StyleID="s79"/>
    <Cell ss:StyleID="s80"/>
    <Cell ss:StyleID="s80"/>
    <Cell ss:StyleID="s80"/>
    <Cell ss:StyleID="s80"/>
    <Cell ss:StyleID="s76"/>
    <Cell ss:StyleID="s76"/>
   </Row>
   <Row ss:AutoFitHeight="0">
    <Cell ss:StyleID="s79"/>
    <Cell ss:StyleID="s80"/>
    <Cell ss:StyleID="s80"/>
    <Cell ss:StyleID="s80"/>
    <Cell ss:StyleID="s80"/>
    <Cell ss:StyleID="s76"/>
    <Cell ss:StyleID="s76"/>
   </Row>
   <Row ss:AutoFitHeight="0">
    <Cell ss:StyleID="s79"/>
    <Cell ss:StyleID="s80"/>
    <Cell ss:StyleID="s80"/>
    <Cell ss:StyleID="s80"/>
    <Cell ss:StyleID="s80"/>
    <Cell ss:StyleID="s76"/>
    <Cell ss:StyleID="s76"/>
   </Row>
   <Row ss:AutoFitHeight="0">
    <Cell ss:StyleID="s79"/>
    <Cell ss:StyleID="s80"/>
    <Cell ss:StyleID="s80"/>
    <Cell ss:StyleID="s80"/>
    <Cell ss:StyleID="s80"/>
    <Cell ss:StyleID="s76"/>
    <Cell ss:StyleID="s76"/>
   </Row>
   <Row ss:AutoFitHeight="0">
    <Cell ss:StyleID="s79"/>
    <Cell ss:StyleID="s80"/>
    <Cell ss:StyleID="s80"/>
    <Cell ss:StyleID="s80"/>
    <Cell ss:StyleID="s80"/>
    <Cell ss:StyleID="s76"/>
    <Cell ss:StyleID="s76"/>
   </Row>
   <Row ss:AutoFitHeight="0">
    <Cell ss:StyleID="s79"/>
    <Cell ss:StyleID="s80"/>
    <Cell ss:StyleID="s80"/>
    <Cell ss:StyleID="s80"/>
    <Cell ss:StyleID="s80"/>
    <Cell ss:StyleID="s76"/>
    <Cell ss:StyleID="s76"/>
   </Row>
   <Row ss:AutoFitHeight="0">
    <Cell ss:StyleID="s79"/>
    <Cell ss:StyleID="s80"/>
    <Cell ss:StyleID="s80"/>
    <Cell ss:StyleID="s80"/>
    <Cell ss:StyleID="s80"/>
    <Cell ss:StyleID="s76"/>
    <Cell ss:StyleID="s76"/>
   </Row>
   <Row ss:AutoFitHeight="0">
    <Cell ss:StyleID="s79"/>
    <Cell ss:StyleID="s80"/>
    <Cell ss:StyleID="s80"/>
    <Cell ss:StyleID="s80"/>
    <Cell ss:StyleID="s80"/>
    <Cell ss:StyleID="s76"/>
    <Cell ss:StyleID="s76"/>
   </Row>
   <Row ss:AutoFitHeight="0">
    <Cell ss:StyleID="s79"/>
    <Cell ss:StyleID="s80"/>
    <Cell ss:StyleID="s80"/>
    <Cell ss:StyleID="s80"/>
    <Cell ss:StyleID="s80"/>
    <Cell ss:StyleID="s76"/>
    <Cell ss:StyleID="s76"/>
   </Row>
   <Row ss:AutoFitHeight="0">
    <Cell ss:StyleID="s79"/>
    <Cell ss:StyleID="s80"/>
    <Cell ss:StyleID="s80"/>
    <Cell ss:StyleID="s80"/>
    <Cell ss:StyleID="s80"/>
    <Cell ss:StyleID="s76"/>
    <Cell ss:StyleID="s76"/>
   </Row>
   <Row ss:AutoFitHeight="0">
    <Cell ss:StyleID="s79"/>
    <Cell ss:StyleID="s80"/>
    <Cell ss:StyleID="s80"/>
    <Cell ss:StyleID="s80"/>
    <Cell ss:StyleID="s80"/>
    <Cell ss:StyleID="s76"/>
    <Cell ss:StyleID="s76"/>
   </Row>
   <Row ss:AutoFitHeight="0">
    <Cell ss:StyleID="s79"/>
    <Cell ss:StyleID="s80"/>
    <Cell ss:StyleID="s80"/>
    <Cell ss:StyleID="s80"/>
    <Cell ss:StyleID="s80"/>
    <Cell ss:StyleID="s76"/>
    <Cell ss:StyleID="s76"/>
   </Row>
   <Row ss:AutoFitHeight="0">
    <Cell ss:StyleID="s79"/>
    <Cell ss:StyleID="s80"/>
    <Cell ss:StyleID="s80"/>
    <Cell ss:StyleID="s80"/>
    <Cell ss:StyleID="s80"/>
    <Cell ss:StyleID="s76"/>
    <Cell ss:StyleID="s76"/>
   </Row>
   <Row ss:AutoFitHeight="0">
    <Cell ss:StyleID="s79"/>
    <Cell ss:StyleID="s80"/>
    <Cell ss:StyleID="s80"/>
    <Cell ss:StyleID="s80"/>
    <Cell ss:StyleID="s80"/>
    <Cell ss:StyleID="s76"/>
    <Cell ss:StyleID="s76"/>
   </Row>
   <Row ss:AutoFitHeight="0">
    <Cell ss:StyleID="s79"/>
    <Cell ss:StyleID="s80"/>
    <Cell ss:StyleID="s80"/>
    <Cell ss:StyleID="s80"/>
    <Cell ss:StyleID="s80"/>
    <Cell ss:StyleID="s76"/>
    <Cell ss:StyleID="s76"/>
   </Row>
   <Row ss:AutoFitHeight="0">
    <Cell ss:StyleID="s79"/>
    <Cell ss:StyleID="s80"/>
    <Cell ss:StyleID="s80"/>
    <Cell ss:StyleID="s80"/>
    <Cell ss:StyleID="s80"/>
    <Cell ss:StyleID="s76"/>
    <Cell ss:StyleID="s76"/>
   </Row>
   <Row ss:AutoFitHeight="0">
    <Cell ss:StyleID="s79"/>
    <Cell ss:StyleID="s80"/>
    <Cell ss:StyleID="s80"/>
    <Cell ss:StyleID="s80"/>
    <Cell ss:StyleID="s80"/>
    <Cell ss:StyleID="s76"/>
    <Cell ss:StyleID="s76"/>
   </Row>
   <Row ss:AutoFitHeight="0">
    <Cell ss:StyleID="s79"/>
    <Cell ss:StyleID="s80"/>
    <Cell ss:StyleID="s80"/>
    <Cell ss:StyleID="s80"/>
    <Cell ss:StyleID="s80"/>
    <Cell ss:StyleID="s76"/>
    <Cell ss:StyleID="s76"/>
   </Row>
   <Row ss:AutoFitHeight="0">
    <Cell ss:StyleID="s79"/>
    <Cell ss:StyleID="s80"/>
    <Cell ss:StyleID="s80"/>
    <Cell ss:StyleID="s80"/>
    <Cell ss:StyleID="s80"/>
    <Cell ss:StyleID="s76"/>
    <Cell ss:StyleID="s76"/>
   </Row>
   <Row ss:AutoFitHeight="0">
    <Cell ss:StyleID="s79"/>
    <Cell ss:StyleID="s80"/>
    <Cell ss:StyleID="s80"/>
    <Cell ss:StyleID="s80"/>
    <Cell ss:StyleID="s80"/>
    <Cell ss:StyleID="s76"/>
    <Cell ss:StyleID="s76"/>
   </Row>
   <Row ss:AutoFitHeight="0">
    <Cell ss:StyleID="s79"/>
    <Cell ss:StyleID="s80"/>
    <Cell ss:StyleID="s80"/>
    <Cell ss:StyleID="s80"/>
    <Cell ss:StyleID="s80"/>
    <Cell ss:StyleID="s76"/>
    <Cell ss:StyleID="s76"/>
   </Row>
   <Row ss:AutoFitHeight="0">
    <Cell ss:StyleID="s79"/>
    <Cell ss:StyleID="s80"/>
    <Cell ss:StyleID="s80"/>
    <Cell ss:StyleID="s80"/>
    <Cell ss:StyleID="s80"/>
    <Cell ss:StyleID="s76"/>
    <Cell ss:StyleID="s76"/>
   </Row>
   <Row ss:AutoFitHeight="0">
    <Cell ss:StyleID="s79"/>
    <Cell ss:StyleID="s80"/>
    <Cell ss:StyleID="s80"/>
    <Cell ss:StyleID="s80"/>
    <Cell ss:StyleID="s80"/>
    <Cell ss:StyleID="s76"/>
    <Cell ss:StyleID="s76"/>
   </Row>
   <Row ss:AutoFitHeight="0">
    <Cell ss:StyleID="s79"/>
    <Cell ss:StyleID="s80"/>
    <Cell ss:StyleID="s80"/>
    <Cell ss:StyleID="s80"/>
    <Cell ss:StyleID="s80"/>
    <Cell ss:StyleID="s76"/>
    <Cell ss:StyleID="s76"/>
   </Row>
   <Row ss:AutoFitHeight="0">
    <Cell ss:StyleID="s79"/>
    <Cell ss:StyleID="s80"/>
    <Cell ss:StyleID="s80"/>
    <Cell ss:StyleID="s80"/>
    <Cell ss:StyleID="s80"/>
    <Cell ss:StyleID="s76"/>
    <Cell ss:StyleID="s76"/>
   </Row>
   <Row ss:AutoFitHeight="0">
    <Cell ss:StyleID="s79"/>
    <Cell ss:StyleID="s80"/>
    <Cell ss:StyleID="s80"/>
    <Cell ss:StyleID="s80"/>
    <Cell ss:StyleID="s80"/>
    <Cell ss:StyleID="s76"/>
    <Cell ss:StyleID="s76"/>
   </Row>
   <Row ss:AutoFitHeight="0">
    <Cell ss:StyleID="s79"/>
    <Cell ss:StyleID="s80"/>
    <Cell ss:StyleID="s80"/>
    <Cell ss:StyleID="s80"/>
    <Cell ss:StyleID="s80"/>
    <Cell ss:StyleID="s76"/>
    <Cell ss:StyleID="s76"/>
   </Row>
   <Row ss:AutoFitHeight="0">
    <Cell ss:StyleID="s79"/>
    <Cell ss:StyleID="s80"/>
    <Cell ss:StyleID="s80"/>
    <Cell ss:StyleID="s80"/>
    <Cell ss:StyleID="s80"/>
    <Cell ss:StyleID="s76"/>
    <Cell ss:StyleID="s76"/>
   </Row>
   <Row ss:AutoFitHeight="0">
    <Cell ss:StyleID="s79"/>
    <Cell ss:StyleID="s80"/>
    <Cell ss:StyleID="s80"/>
    <Cell ss:StyleID="s80"/>
    <Cell ss:StyleID="s80"/>
    <Cell ss:StyleID="s76"/>
    <Cell ss:StyleID="s76"/>
   </Row>
   <Row ss:AutoFitHeight="0">
    <Cell ss:StyleID="s79"/>
    <Cell ss:StyleID="s80"/>
    <Cell ss:StyleID="s80"/>
    <Cell ss:StyleID="s80"/>
    <Cell ss:StyleID="s80"/>
    <Cell ss:StyleID="s76"/>
    <Cell ss:StyleID="s76"/>
   </Row>
   <Row ss:AutoFitHeight="0">
    <Cell ss:StyleID="s79"/>
    <Cell ss:StyleID="s80"/>
    <Cell ss:StyleID="s80"/>
    <Cell ss:StyleID="s80"/>
    <Cell ss:StyleID="s80"/>
    <Cell ss:StyleID="s76"/>
    <Cell ss:StyleID="s76"/>
   </Row>
   <Row ss:AutoFitHeight="0">
    <Cell ss:StyleID="s79"/>
    <Cell ss:StyleID="s80"/>
    <Cell ss:StyleID="s80"/>
    <Cell ss:StyleID="s80"/>
    <Cell ss:StyleID="s80"/>
    <Cell ss:StyleID="s76"/>
    <Cell ss:StyleID="s76"/>
   </Row>
   <Row ss:AutoFitHeight="0">
    <Cell ss:StyleID="s79"/>
    <Cell ss:StyleID="s80"/>
    <Cell ss:StyleID="s80"/>
    <Cell ss:StyleID="s80"/>
    <Cell ss:StyleID="s80"/>
    <Cell ss:StyleID="s76"/>
    <Cell ss:StyleID="s76"/>
   </Row>
   <Row ss:AutoFitHeight="0">
    <Cell ss:StyleID="s79"/>
    <Cell ss:StyleID="s80"/>
    <Cell ss:StyleID="s80"/>
    <Cell ss:StyleID="s80"/>
    <Cell ss:StyleID="s80"/>
    <Cell ss:StyleID="s76"/>
    <Cell ss:StyleID="s76"/>
   </Row>
   <Row ss:AutoFitHeight="0">
    <Cell ss:StyleID="s79"/>
    <Cell ss:StyleID="s80"/>
    <Cell ss:StyleID="s80"/>
    <Cell ss:StyleID="s80"/>
    <Cell ss:StyleID="s80"/>
    <Cell ss:StyleID="s76"/>
    <Cell ss:StyleID="s76"/>
   </Row>
   <Row ss:AutoFitHeight="0">
    <Cell ss:StyleID="s79"/>
    <Cell ss:StyleID="s80"/>
    <Cell ss:StyleID="s80"/>
    <Cell ss:StyleID="s80"/>
    <Cell ss:StyleID="s80"/>
    <Cell ss:StyleID="s76"/>
    <Cell ss:StyleID="s76"/>
   </Row>
   <Row ss:AutoFitHeight="0">
    <Cell ss:StyleID="s79"/>
    <Cell ss:StyleID="s80"/>
    <Cell ss:StyleID="s80"/>
    <Cell ss:StyleID="s80"/>
    <Cell ss:StyleID="s80"/>
    <Cell ss:StyleID="s76"/>
    <Cell ss:StyleID="s76"/>
   </Row>
   <Row ss:AutoFitHeight="0">
    <Cell ss:StyleID="s79"/>
    <Cell ss:StyleID="s80"/>
    <Cell ss:StyleID="s80"/>
    <Cell ss:StyleID="s80"/>
    <Cell ss:StyleID="s80"/>
    <Cell ss:StyleID="s76"/>
    <Cell ss:StyleID="s76"/>
   </Row>
   <Row ss:AutoFitHeight="0">
    <Cell ss:StyleID="s79"/>
    <Cell ss:StyleID="s80"/>
    <Cell ss:StyleID="s80"/>
    <Cell ss:StyleID="s80"/>
    <Cell ss:StyleID="s80"/>
    <Cell ss:StyleID="s76"/>
    <Cell ss:StyleID="s76"/>
   </Row>
   <Row ss:AutoFitHeight="0">
    <Cell ss:StyleID="s79"/>
    <Cell ss:StyleID="s80"/>
    <Cell ss:StyleID="s80"/>
    <Cell ss:StyleID="s80"/>
    <Cell ss:StyleID="s80"/>
    <Cell ss:StyleID="s76"/>
    <Cell ss:StyleID="s76"/>
   </Row>
   <Row ss:AutoFitHeight="0">
    <Cell ss:StyleID="s79"/>
    <Cell ss:StyleID="s80"/>
    <Cell ss:StyleID="s80"/>
    <Cell ss:StyleID="s80"/>
    <Cell ss:StyleID="s80"/>
    <Cell ss:StyleID="s76"/>
    <Cell ss:StyleID="s76"/>
   </Row>
   <Row ss:AutoFitHeight="0">
    <Cell ss:StyleID="s79"/>
    <Cell ss:StyleID="s80"/>
    <Cell ss:StyleID="s80"/>
    <Cell ss:StyleID="s80"/>
    <Cell ss:StyleID="s80"/>
    <Cell ss:StyleID="s76"/>
    <Cell ss:StyleID="s76"/>
   </Row>
   <Row ss:AutoFitHeight="0">
    <Cell ss:StyleID="s79"/>
    <Cell ss:StyleID="s80"/>
    <Cell ss:StyleID="s80"/>
    <Cell ss:StyleID="s80"/>
    <Cell ss:StyleID="s80"/>
    <Cell ss:StyleID="s76"/>
    <Cell ss:StyleID="s76"/>
   </Row>
   <Row ss:AutoFitHeight="0">
    <Cell ss:StyleID="s79"/>
    <Cell ss:StyleID="s80"/>
    <Cell ss:StyleID="s80"/>
    <Cell ss:StyleID="s80"/>
    <Cell ss:StyleID="s80"/>
    <Cell ss:StyleID="s76"/>
    <Cell ss:StyleID="s76"/>
   </Row>
   <Row ss:AutoFitHeight="0">
    <Cell ss:StyleID="s79"/>
    <Cell ss:StyleID="s80"/>
    <Cell ss:StyleID="s80"/>
    <Cell ss:StyleID="s80"/>
    <Cell ss:StyleID="s80"/>
    <Cell ss:StyleID="s76"/>
    <Cell ss:StyleID="s76"/>
   </Row>
   <Row ss:AutoFitHeight="0">
    <Cell ss:StyleID="s79"/>
    <Cell ss:StyleID="s80"/>
    <Cell ss:StyleID="s80"/>
    <Cell ss:StyleID="s80"/>
    <Cell ss:StyleID="s80"/>
    <Cell ss:StyleID="s76"/>
    <Cell ss:StyleID="s76"/>
   </Row>
   <Row ss:AutoFitHeight="0">
    <Cell ss:StyleID="s79"/>
    <Cell ss:StyleID="s80"/>
    <Cell ss:StyleID="s80"/>
    <Cell ss:StyleID="s80"/>
    <Cell ss:StyleID="s80"/>
    <Cell ss:StyleID="s76"/>
    <Cell ss:StyleID="s76"/>
   </Row>
   <Row ss:AutoFitHeight="0">
    <Cell ss:StyleID="s79"/>
    <Cell ss:StyleID="s80"/>
    <Cell ss:StyleID="s80"/>
    <Cell ss:StyleID="s80"/>
    <Cell ss:StyleID="s80"/>
    <Cell ss:StyleID="s76"/>
    <Cell ss:StyleID="s76"/>
   </Row>
   <Row ss:AutoFitHeight="0">
    <Cell ss:StyleID="s79"/>
    <Cell ss:StyleID="s80"/>
    <Cell ss:StyleID="s80"/>
    <Cell ss:StyleID="s80"/>
    <Cell ss:StyleID="s80"/>
    <Cell ss:StyleID="s76"/>
    <Cell ss:StyleID="s76"/>
   </Row>
   <Row ss:AutoFitHeight="0">
    <Cell ss:StyleID="s79"/>
    <Cell ss:StyleID="s80"/>
    <Cell ss:StyleID="s80"/>
    <Cell ss:StyleID="s80"/>
    <Cell ss:StyleID="s80"/>
    <Cell ss:StyleID="s76"/>
    <Cell ss:StyleID="s76"/>
   </Row>
   <Row ss:AutoFitHeight="0">
    <Cell ss:StyleID="s79"/>
    <Cell ss:StyleID="s80"/>
    <Cell ss:StyleID="s80"/>
    <Cell ss:StyleID="s80"/>
    <Cell ss:StyleID="s80"/>
    <Cell ss:StyleID="s76"/>
    <Cell ss:StyleID="s76"/>
   </Row>
   <Row ss:AutoFitHeight="0">
    <Cell ss:StyleID="s79"/>
    <Cell ss:StyleID="s80"/>
    <Cell ss:StyleID="s80"/>
    <Cell ss:StyleID="s80"/>
    <Cell ss:StyleID="s80"/>
    <Cell ss:StyleID="s76"/>
    <Cell ss:StyleID="s76"/>
   </Row>
   <Row ss:AutoFitHeight="0">
    <Cell ss:StyleID="s79"/>
    <Cell ss:StyleID="s80"/>
    <Cell ss:StyleID="s80"/>
    <Cell ss:StyleID="s80"/>
    <Cell ss:StyleID="s80"/>
    <Cell ss:StyleID="s76"/>
    <Cell ss:StyleID="s76"/>
   </Row>
   <Row ss:AutoFitHeight="0">
    <Cell ss:StyleID="s79"/>
    <Cell ss:StyleID="s80"/>
    <Cell ss:StyleID="s80"/>
    <Cell ss:StyleID="s80"/>
    <Cell ss:StyleID="s80"/>
    <Cell ss:StyleID="s76"/>
    <Cell ss:StyleID="s76"/>
   </Row>
   <Row ss:AutoFitHeight="0">
    <Cell ss:StyleID="s79"/>
    <Cell ss:StyleID="s80"/>
    <Cell ss:StyleID="s80"/>
    <Cell ss:StyleID="s80"/>
    <Cell ss:StyleID="s80"/>
    <Cell ss:StyleID="s76"/>
    <Cell ss:StyleID="s76"/>
   </Row>
   <Row ss:AutoFitHeight="0">
    <Cell ss:StyleID="s79"/>
    <Cell ss:StyleID="s80"/>
    <Cell ss:StyleID="s80"/>
    <Cell ss:StyleID="s80"/>
    <Cell ss:StyleID="s80"/>
    <Cell ss:StyleID="s76"/>
    <Cell ss:StyleID="s76"/>
   </Row>
   <Row ss:AutoFitHeight="0">
    <Cell ss:StyleID="s79"/>
    <Cell ss:StyleID="s80"/>
    <Cell ss:StyleID="s80"/>
    <Cell ss:StyleID="s80"/>
    <Cell ss:StyleID="s80"/>
    <Cell ss:StyleID="s76"/>
    <Cell ss:StyleID="s76"/>
   </Row>
   <Row ss:AutoFitHeight="0">
    <Cell ss:StyleID="s79"/>
    <Cell ss:StyleID="s80"/>
    <Cell ss:StyleID="s80"/>
    <Cell ss:StyleID="s80"/>
    <Cell ss:StyleID="s80"/>
    <Cell ss:StyleID="s76"/>
    <Cell ss:StyleID="s76"/>
   </Row>
   <Row ss:AutoFitHeight="0">
    <Cell ss:StyleID="s79"/>
    <Cell ss:StyleID="s80"/>
    <Cell ss:StyleID="s80"/>
    <Cell ss:StyleID="s80"/>
    <Cell ss:StyleID="s80"/>
    <Cell ss:StyleID="s76"/>
    <Cell ss:StyleID="s76"/>
   </Row>
   <Row ss:AutoFitHeight="0">
    <Cell ss:StyleID="s79"/>
    <Cell ss:StyleID="s80"/>
    <Cell ss:StyleID="s80"/>
    <Cell ss:StyleID="s80"/>
    <Cell ss:StyleID="s80"/>
    <Cell ss:StyleID="s76"/>
    <Cell ss:StyleID="s76"/>
   </Row>
   <Row ss:AutoFitHeight="0">
    <Cell ss:StyleID="s79"/>
    <Cell ss:StyleID="s80"/>
    <Cell ss:StyleID="s80"/>
    <Cell ss:StyleID="s80"/>
    <Cell ss:StyleID="s80"/>
    <Cell ss:StyleID="s76"/>
    <Cell ss:StyleID="s76"/>
   </Row>
   <Row ss:AutoFitHeight="0">
    <Cell ss:StyleID="s79"/>
    <Cell ss:StyleID="s80"/>
    <Cell ss:StyleID="s80"/>
    <Cell ss:StyleID="s80"/>
    <Cell ss:StyleID="s80"/>
    <Cell ss:StyleID="s76"/>
    <Cell ss:StyleID="s76"/>
   </Row>
   <Row ss:AutoFitHeight="0">
    <Cell ss:StyleID="s79"/>
    <Cell ss:StyleID="s80"/>
    <Cell ss:StyleID="s80"/>
    <Cell ss:StyleID="s80"/>
    <Cell ss:StyleID="s80"/>
    <Cell ss:StyleID="s76"/>
    <Cell ss:StyleID="s76"/>
   </Row>
   <Row ss:AutoFitHeight="0">
    <Cell ss:StyleID="s79"/>
    <Cell ss:StyleID="s80"/>
    <Cell ss:StyleID="s80"/>
    <Cell ss:StyleID="s80"/>
    <Cell ss:StyleID="s80"/>
    <Cell ss:StyleID="s76"/>
    <Cell ss:StyleID="s76"/>
   </Row>
   <Row ss:AutoFitHeight="0">
    <Cell ss:StyleID="s79"/>
    <Cell ss:StyleID="s80"/>
    <Cell ss:StyleID="s80"/>
    <Cell ss:StyleID="s80"/>
    <Cell ss:StyleID="s80"/>
    <Cell ss:StyleID="s76"/>
    <Cell ss:StyleID="s76"/>
   </Row>
   <Row ss:AutoFitHeight="0">
    <Cell ss:StyleID="s79"/>
    <Cell ss:StyleID="s80"/>
    <Cell ss:StyleID="s80"/>
    <Cell ss:StyleID="s80"/>
    <Cell ss:StyleID="s80"/>
    <Cell ss:StyleID="s76"/>
    <Cell ss:StyleID="s76"/>
   </Row>
   <Row ss:AutoFitHeight="0">
    <Cell ss:StyleID="s79"/>
    <Cell ss:StyleID="s80"/>
    <Cell ss:StyleID="s80"/>
    <Cell ss:StyleID="s80"/>
    <Cell ss:StyleID="s80"/>
    <Cell ss:StyleID="s76"/>
    <Cell ss:StyleID="s76"/>
   </Row>
   <Row ss:AutoFitHeight="0">
    <Cell ss:StyleID="s79"/>
    <Cell ss:StyleID="s80"/>
    <Cell ss:StyleID="s80"/>
    <Cell ss:StyleID="s80"/>
    <Cell ss:StyleID="s80"/>
    <Cell ss:StyleID="s76"/>
    <Cell ss:StyleID="s76"/>
   </Row>
   <Row ss:AutoFitHeight="0">
    <Cell ss:StyleID="s79"/>
    <Cell ss:StyleID="s80"/>
    <Cell ss:StyleID="s80"/>
    <Cell ss:StyleID="s80"/>
    <Cell ss:StyleID="s80"/>
    <Cell ss:StyleID="s76"/>
    <Cell ss:StyleID="s76"/>
   </Row>
   <Row ss:AutoFitHeight="0">
    <Cell ss:StyleID="s79"/>
    <Cell ss:StyleID="s80"/>
    <Cell ss:StyleID="s80"/>
    <Cell ss:StyleID="s80"/>
    <Cell ss:StyleID="s80"/>
    <Cell ss:StyleID="s76"/>
    <Cell ss:StyleID="s76"/>
   </Row>
   <Row ss:AutoFitHeight="0">
    <Cell ss:StyleID="s79"/>
    <Cell ss:StyleID="s80"/>
    <Cell ss:StyleID="s80"/>
    <Cell ss:StyleID="s80"/>
    <Cell ss:StyleID="s80"/>
    <Cell ss:StyleID="s76"/>
    <Cell ss:StyleID="s76"/>
   </Row>
   <Row ss:AutoFitHeight="0">
    <Cell ss:StyleID="s79"/>
    <Cell ss:StyleID="s80"/>
    <Cell ss:StyleID="s80"/>
    <Cell ss:StyleID="s80"/>
    <Cell ss:StyleID="s80"/>
    <Cell ss:StyleID="s76"/>
    <Cell ss:StyleID="s76"/>
   </Row>
   <Row ss:AutoFitHeight="0">
    <Cell ss:StyleID="s79"/>
    <Cell ss:StyleID="s80"/>
    <Cell ss:StyleID="s80"/>
    <Cell ss:StyleID="s80"/>
    <Cell ss:StyleID="s80"/>
    <Cell ss:StyleID="s76"/>
    <Cell ss:StyleID="s76"/>
   </Row>
   <Row ss:AutoFitHeight="0">
    <Cell ss:StyleID="s79"/>
    <Cell ss:StyleID="s80"/>
    <Cell ss:StyleID="s80"/>
    <Cell ss:StyleID="s80"/>
    <Cell ss:StyleID="s80"/>
    <Cell ss:StyleID="s76"/>
    <Cell ss:StyleID="s76"/>
   </Row>
   <Row ss:AutoFitHeight="0">
    <Cell ss:StyleID="s79"/>
    <Cell ss:StyleID="s80"/>
    <Cell ss:StyleID="s80"/>
    <Cell ss:StyleID="s80"/>
    <Cell ss:StyleID="s80"/>
    <Cell ss:StyleID="s76"/>
    <Cell ss:StyleID="s76"/>
   </Row>
   <Row ss:AutoFitHeight="0">
    <Cell ss:StyleID="s79"/>
    <Cell ss:StyleID="s80"/>
    <Cell ss:StyleID="s80"/>
    <Cell ss:StyleID="s80"/>
    <Cell ss:StyleID="s80"/>
    <Cell ss:StyleID="s76"/>
    <Cell ss:StyleID="s76"/>
   </Row>
   <Row ss:AutoFitHeight="0">
    <Cell ss:StyleID="s79"/>
    <Cell ss:StyleID="s80"/>
    <Cell ss:StyleID="s80"/>
    <Cell ss:StyleID="s80"/>
    <Cell ss:StyleID="s80"/>
    <Cell ss:StyleID="s76"/>
    <Cell ss:StyleID="s76"/>
   </Row>
   <Row ss:AutoFitHeight="0">
    <Cell ss:StyleID="s79"/>
    <Cell ss:StyleID="s80"/>
    <Cell ss:StyleID="s80"/>
    <Cell ss:StyleID="s80"/>
    <Cell ss:StyleID="s80"/>
    <Cell ss:StyleID="s76"/>
    <Cell ss:StyleID="s76"/>
   </Row>
   <Row ss:AutoFitHeight="0">
    <Cell ss:StyleID="s79"/>
    <Cell ss:StyleID="s80"/>
    <Cell ss:StyleID="s80"/>
    <Cell ss:StyleID="s80"/>
    <Cell ss:StyleID="s80"/>
    <Cell ss:StyleID="s76"/>
    <Cell ss:StyleID="s76"/>
   </Row>
   <Row ss:AutoFitHeight="0" ss:StyleID="s78" ss:Span="47"/>
  </Table>
  <WorksheetOptions xmlns="urn:schemas-microsoft-com:office:excel">
   <PageSetup>
    <Layout x:Orientation="Landscape" x:CenterHorizontal="1" x:CenterVertical="1"/>
    <Header x:Margin="0"/>
    <Footer x:Margin="0"/>
    <PageMargins x:Bottom="0" x:Left="0" x:Right="0" x:Top="0"/>
   </PageSetup>
   <Unsynced/>
   <FitToPage/>
   <Print>
    <ValidPrinterInfo/>
    <Scale>15</Scale>
    <HorizontalResolution>300</HorizontalResolution>
    <VerticalResolution>300</VerticalResolution>
    <Gridlines/>
   </Print>
   <Zoom>85</Zoom>
   <Selected/>
   <FreezePanes/>
   <FrozenNoSplit/>
   <SplitHorizontal>6</SplitHorizontal>
   <TopRowBottomPane>6</TopRowBottomPane>
   <ActivePane>2</ActivePane>
   <Panes>
    <Pane>
     <Number>3</Number>
    </Pane>
    <Pane>
     <Number>2</Number>
     <ActiveRow>12</ActiveRow>
     <ActiveCol>6</ActiveCol>
    </Pane>
   </Panes>
   <ProtectObjects>False</ProtectObjects>
   <ProtectScenarios>False</ProtectScenarios>
   <AllowFormatCells/>
  </WorksheetOptions>
 </Worksheet>
</Workbook>
